PASS components/admin/__tests__/ai-security-policy-rollout-ring.test.tsx (22.392 s)
PASS app/admin/__tests__/uninstall-endpoint-modal.test.tsx (32.234 s)
PASS components/admin/__tests__/ai-security-policy-toolrisk.test.tsx (24.886 s)
PASS components/admin/__tests__/ai-security-policy-calm.test.tsx (28.062 s)
PASS components/admin/policy/__tests__/category-bucket-board.a11y.test.tsx (61.744 s)
PASS components/admin/__tests__/ai-security-policy-prompt-evidence-write-bounds.test.tsx (19.698 s)
PASS components/admin/__tests__/ai-security-risk-groups-section.test.tsx (69.053 s)
PASS components/admin/__tests__/ai-security-policy-phase-b.test.tsx (9.095 s)
PASS components/admin/policy/__tests__/supply-chain-save-body.test.tsx (9.635 s)
  ● Console

    console.log
      {"timestamp":"2026-09-05T21:57:08.638Z","level":"info","message":"[savePolicy] Save succeeded","context":{"method":"PATCH","id":"grp-1"}}

      at emit (lib/logger.ts:54:3)

    console.log
      {"timestamp":"2026-09-05T21:57:09.391Z","level":"info","message":"Policy saved successfully"}

      at emit (lib/logger.ts:54:3)

    console.log
      {"timestamp":"2026-09-05T21:57:10.206Z","level":"info","message":"[savePolicy] Save succeeded","context":{"method":"PATCH","id":"grp-1"}}

      at emit (lib/logger.ts:54:3)

    console.log
      {"timestamp":"2026-09-05T21:57:10.206Z","level":"info","message":"Policy saved successfully"}

      at emit (lib/logger.ts:54:3)

    console.log
      {"timestamp":"2026-09-05T21:57:12.384Z","level":"info","message":"[savePolicy] Save succeeded","context":{"method":"POST","id":"grp-1"}}

      at emit (lib/logger.ts:54:3)

    console.log
      {"timestamp":"2026-09-05T21:57:12.386Z","level":"info","message":"Policy created successfully"}

      at emit (lib/logger.ts:54:3)

    console.log
      {"timestamp":"2026-09-05T21:57:13.255Z","level":"info","message":"[savePolicy] Save succeeded","context":{"method":"PATCH","id":"grp-1"}}

      at emit (lib/logger.ts:54:3)

    console.log
      {"timestamp":"2026-09-05T21:57:13.256Z","level":"info","message":"Policy saved successfully"}

      at emit (lib/logger.ts:54:3)

    console.error
      [savePolicy] Backend rejected save: 500 { error: 'policy.policyActions must be an array' }

    [0m [90m 623 |[39m         [36mconst[39m errBody [33m=[39m [36mawait[39m response[33m.[39mjson()[33m.[39m[36mcatch[39m(() [33m=>[39m [36mnull[39m)
     [90m 624 |[39m         [36mconst[39m detail [33m=[39m errBody[33m?[39m[33m.[39merror [33m||[39m errBody[33m?[39m[33m.[39mmessage [33m||[39m response[33m.[39mstatusText
    [31m[1m>[22m[39m[90m 625 |[39m         console[33m.[39merror([32m"[savePolicy] Backend rejected save:"[39m[33m,[39m response[33m.[39mstatus[33m,[39m errBody)
     [90m     |[39m                 [31m[1m^[22m[39m
     [90m 626 |[39m         [36mthrow[39m [36mnew[39m [33mError[39m(
     [90m 627 |[39m           isLocalPolicy
     [90m 628 |[39m             [33m?[39m [32m`Failed to create policy (${response.status}): ${detail}`[39m[0m

      at components/admin/policy/supply-chain-policy-section.tsx:625:17
      at fulfilled (components/admin/policy/supply-chain-policy-section.tsx:39:58)

    console.error
      {"timestamp":"2026-09-05T21:57:13.906Z","level":"error","message":"Failed to save policy:","error":{"name":"Error","message":"Failed to update policy (500): policy.policyActions must be an array","stack":"Error: Failed to update policy (500): policy.policyActions must be an array\n    at C:\\cwt\\p47-final-frontend-20260830\\components\\admin\\policy\\supply-chain-policy-section.tsx:626:15\n    at Generator.next (<anonymous>)\n    at fulfilled (C:\\cwt\\p47-final-frontend-20260830\\components\\admin\\policy\\supply-chain-policy-section.tsx:39:58)"}}

    [0m [90m 52 |[39m     level [33m===[39m [32m"error"[39m [33m?[39m console[33m.[39merror [33m:[39m level [33m===[39m [32m"warn"[39m [33m?[39m console[33m.[39mwarn [33m:[39m console[33m.[39mlog
     [90m 53 |[39m
    [31m[1m>[22m[39m[90m 54 |[39m   consoleFn(output)
     [90m    |[39m   [31m[1m^[22m[39m
     [90m 55 |[39m }
     [90m 56 |[39m
     [90m 57 |[39m [36mexport[39m [36mconst[39m logger [33m=[39m {[0m

      at emit (lib/logger.ts:54:3)
      at Object.error (lib/logger.ts:68:5)
      at components/admin/policy/supply-chain-policy-section.tsx:642:14
      at fulfilled (components/admin/policy/supply-chain-policy-section.tsx:39:58)

    console.error
      [savePolicy] Full error: Error: Failed to update policy (500): policy.policyActions must be an array
          at C:\cwt\p47-final-frontend-20260830\components\admin\policy\supply-chain-policy-section.tsx:626:15
          at Generator.next (<anonymous>)
          at fulfilled (C:\cwt\p47-final-frontend-20260830\components\admin\policy\supply-chain-policy-section.tsx:39:58)

    [0m [90m 641 |[39m     } [36mcatch[39m (error[33m:[39m any) {
     [90m 642 |[39m       logger[33m.[39merror([32m"Failed to save policy:"[39m[33m,[39m error)
    [31m[1m>[22m[39m[90m 643 |[39m       console[33m.[39merror([32m"[savePolicy] Full error:"[39m[33m,[39m error)
     [90m     |[39m               [31m[1m^[22m[39m
     [90m 644 |[39m       [90m// Revert UI to last known good state so user sees accurate data[39m
     [90m 645 |[39m       [36mconst[39m reverted [33m=[39m [33mBoolean[39m(originalPolicy)
     [90m 646 |[39m       [36mif[39m (originalPolicy) {[0m

      at components/admin/policy/supply-chain-policy-section.tsx:643:15
      at fulfilled (components/admin/policy/supply-chain-policy-section.tsx:39:58)

    console.error
      [savePolicy] Backend rejected save: 500 { error: 'policy.policyActions must be an array' }

    [0m [90m 623 |[39m         [36mconst[39m errBody [33m=[39m [36mawait[39m response[33m.[39mjson()[33m.[39m[36mcatch[39m(() [33m=>[39m [36mnull[39m)
     [90m 624 |[39m         [36mconst[39m detail [33m=[39m errBody[33m?[39m[33m.[39merror [33m||[39m errBody[33m?[39m[33m.[39mmessage [33m||[39m response[33m.[39mstatusText
    [31m[1m>[22m[39m[90m 625 |[39m         console[33m.[39merror([32m"[savePolicy] Backend rejected save:"[39m[33m,[39m response[33m.[39mstatus[33m,[39m errBody)
     [90m     |[39m                 [31m[1m^[22m[39m
     [90m 626 |[39m         [36mthrow[39m [36mnew[39m [33mError[39m(
     [90m 627 |[39m           isLocalPolicy
     [90m 628 |[39m             [33m?[39m [32m`Failed to create policy (${response.status}): ${detail}`[39m[0m

      at components/admin/policy/supply-chain-policy-section.tsx:625:17
      at fulfilled (components/admin/policy/supply-chain-policy-section.tsx:39:58)

    console.error
      {"timestamp":"2026-09-05T21:57:14.828Z","level":"error","message":"Failed to save policy:","error":{"name":"Error","message":"Failed to create policy (500): policy.policyActions must be an array","stack":"Error: Failed to create policy (500): policy.policyActions must be an array\n    at C:\\cwt\\p47-final-frontend-20260830\\components\\admin\\policy\\supply-chain-policy-section.tsx:626:15\n    at Generator.next (<anonymous>)\n    at fulfilled (C:\\cwt\\p47-final-frontend-20260830\\components\\admin\\policy\\supply-chain-policy-section.tsx:39:58)"}}

    [0m [90m 52 |[39m     level [33m===[39m [32m"error"[39m [33m?[39m console[33m.[39merror [33m:[39m level [33m===[39m [32m"warn"[39m [33m?[39m console[33m.[39mwarn [33m:[39m console[33m.[39mlog
     [90m 53 |[39m
    [31m[1m>[22m[39m[90m 54 |[39m   consoleFn(output)
     [90m    |[39m   [31m[1m^[22m[39m
     [90m 55 |[39m }
     [90m 56 |[39m
     [90m 57 |[39m [36mexport[39m [36mconst[39m logger [33m=[39m {[0m

      at emit (lib/logger.ts:54:3)
      at Object.error (lib/logger.ts:68:5)
      at components/admin/policy/supply-chain-policy-section.tsx:642:14
      at fulfilled (components/admin/policy/supply-chain-policy-section.tsx:39:58)

    console.error
      [savePolicy] Full error: Error: Failed to create policy (500): policy.policyActions must be an array
          at C:\cwt\p47-final-frontend-20260830\components\admin\policy\supply-chain-policy-section.tsx:626:15
          at Generator.next (<anonymous>)
          at fulfilled (C:\cwt\p47-final-frontend-20260830\components\admin\policy\supply-chain-policy-section.tsx:39:58)

    [0m [90m 641 |[39m     } [36mcatch[39m (error[33m:[39m any) {
     [90m 642 |[39m       logger[33m.[39merror([32m"Failed to save policy:"[39m[33m,[39m error)
    [31m[1m>[22m[39m[90m 643 |[39m       console[33m.[39merror([32m"[savePolicy] Full error:"[39m[33m,[39m error)
     [90m     |[39m               [31m[1m^[22m[39m
     [90m 644 |[39m       [90m// Revert UI to last known good state so user sees accurate data[39m
     [90m 645 |[39m       [36mconst[39m reverted [33m=[39m [33mBoolean[39m(originalPolicy)
     [90m 646 |[39m       [36mif[39m (originalPolicy) {[0m

      at components/admin/policy/supply-chain-policy-section.tsx:643:15
      at fulfilled (components/admin/policy/supply-chain-policy-section.tsx:39:58)

    console.error
      {"timestamp":"2026-09-05T21:57:15.209Z","level":"error","message":"Failed to apply preset:","error":{"name":"Error","message":"Failed to apply preset (500): preset CORE is retired","stack":"Error: Failed to apply preset (500): preset CORE is retired\n    at C:\\cwt\\p47-final-frontend-20260830\\components\\admin\\policy\\supply-chain-policy-section.tsx:502:17\n    at Generator.next (<anonymous>)\n    at fulfilled (C:\\cwt\\p47-final-frontend-20260830\\components\\admin\\policy\\supply-chain-policy-section.tsx:39:58)"}}

    [0m [90m 52 |[39m     level [33m===[39m [32m"error"[39m [33m?[39m console[33m.[39merror [33m:[39m level [33m===[39m [32m"warn"[39m [33m?[39m console[33m.[39mwarn [33m:[39m console[33m.[39mlog
     [90m 53 |[39m
    [31m[1m>[22m[39m[90m 54 |[39m   consoleFn(output)
     [90m    |[39m   [31m[1m^[22m[39m
     [90m 55 |[39m }
     [90m 56 |[39m
     [90m 57 |[39m [36mexport[39m [36mconst[39m logger [33m=[39m {[0m

      at emit (lib/logger.ts:54:3)
      at Object.error (lib/logger.ts:68:5)
      at components/admin/policy/supply-chain-policy-section.tsx:509:16
      at fulfilled (components/admin/policy/supply-chain-policy-section.tsx:39:58)

    console.error
      [handleSelectPreset] apply-preset failed: Error: Failed to apply preset (500): preset CORE is retired
          at C:\cwt\p47-final-frontend-20260830\components\admin\policy\supply-chain-policy-section.tsx:502:17
          at Generator.next (<anonymous>)
          at fulfilled (C:\cwt\p47-final-frontend-20260830\components\admin\policy\supply-chain-policy-section.tsx:39:58)

    [0m [90m 508 |[39m       } [36mcatch[39m (error[33m:[39m any) {
     [90m 509 |[39m         logger[33m.[39merror([32m'Failed to apply preset:'[39m[33m,[39m error)
    [31m[1m>[22m[39m[90m 510 |[39m         console[33m.[39merror([32m'[handleSelectPreset] apply-preset failed:'[39m[33m,[39m error)
     [90m     |[39m                 [31m[1m^[22m[39m
     [90m 511 |[39m         [90m// Nothing is re-fetched on this path, so the table still shows the[39m
     [90m 512 |[39m         [90m// policy that is stored. Say only that, and never claim a revert.[39m
     [90m 513 |[39m         toast[33m.[39merror([32m'Could not apply preset'[39m[33m,[39m {[0m

      at components/admin/policy/supply-chain-policy-section.tsx:510:17
      at fulfilled (components/admin/policy/supply-chain-policy-section.tsx:39:58)

PASS components/admin/__tests__/ai-security-disposition-board-mount.test.tsx (18.406 s)
PASS components/admin/__tests__/ai-security-policy-section.test.tsx (11.064 s)
PASS app/admin/users/__tests__/users-content-states.test.tsx (13.184 s)
PASS components/admin/policy/__tests__/category-bucket-board.scope.test.tsx (5.85 s)
PASS components/admin/__tests__/ai-artifact-load-policy-section.test.tsx (6.987 s)
PASS components/admin/policy/__tests__/category-bucket-board.expand.test.tsx (6.228 s)
PASS components/admin/__tests__/detector-lifecycle-on-the-real-page.test.tsx (7.567 s)
PASS components/admin/__tests__/ai-security-board-lane-collision.test.tsx (8.991 s)
PASS components/admin/__tests__/ai-security-policy-surfaces.test.tsx (8.893 s)
PASS components/admin/__tests__/ai-security-policy-ladder.test.tsx (8.722 s)
PASS components/admin/__tests__/ai-security-no-customer-visible-allow.test.tsx (8.641 s)
PASS components/admin/policy/__tests__/category-bucket-board.stacked.test.tsx (6.82 s)
PASS components/admin/__tests__/policy-header-and-switch-discipline.test.tsx (6.947 s)
PASS components/admin/__tests__/ai-security-policy-settings-band.test.tsx (6.851 s)
PASS components/admin/policy/__tests__/downgrade-confirm.test.tsx (7.328 s)
PASS components/admin/policy/__tests__/category-bucket-board.test.tsx (5.82 s)
PASS app/admin/endpoints/__tests__/coverage-section.test.tsx (5.949 s)
  ● Console

    console.error
      Each child in a list should have a unique "key" prop.
      
      Check the render method of `WebAiGuardCoveragePanel`. See https://react.dev/link/warning-keys for more information.

      at node_modules/react-dom/cjs/react-dom-client.development.js:26084:21
      at runWithFiberInDEV (node_modules/react-dom/cjs/react-dom-client.development.js:874:13)
      at warnForMissingKey (node_modules/react-dom/cjs/react-dom-client.development.js:26083:11)
      at warnOnInvalidKey (node_modules/react-dom/cjs/react-dom-client.development.js:6591:13)
      at reconcileChildrenArray (node_modules/react-dom/cjs/react-dom-client.development.js:6672:31)
      at reconcileChildFibersImpl (node_modules/react-dom/cjs/react-dom-client.development.js:6993:30)
      at node_modules/react-dom/cjs/react-dom-client.development.js:7098:33
      at reconcileChildren (node_modules/react-dom/cjs/react-dom-client.development.js:9701:13)
      at beginWork (node_modules/react-dom/cjs/react-dom-client.development.js:12049:13)
      at runWithFiberInDEV (node_modules/react-dom/cjs/react-dom-client.development.js:874:13)
      at performUnitOfWork (node_modules/react-dom/cjs/react-dom-client.development.js:17641:22)
      at workLoopSync (node_modules/react-dom/cjs/react-dom-client.development.js:17469:41)
      at renderRootSync (node_modules/react-dom/cjs/react-dom-client.development.js:17450:11)
      at performWorkOnRoot (node_modules/react-dom/cjs/react-dom-client.development.js:16504:11)
      at performWorkOnRootViaSchedulerTask (node_modules/react-dom/cjs/react-dom-client.development.js:18957:7)
      at performWorkUntilDeadline (node_modules/scheduler/cjs/scheduler.development.js:45:48)
      at Timeout.task [as _onTimeout] (node_modules/jsdom/lib/jsdom/browser/Window.js:520:19)

PASS components/admin/policy/__tests__/not-evaluated-switch.test.tsx (6.642 s)
PASS components/admin/__tests__/ai-security-policy-section.coaching.test.tsx (6.668 s)
PASS app/admin/policies/ai-security/__tests__/ai-security-page-board-reachability.test.tsx
PASS components/admin/__tests__/ai-security-policy-alerttiers.test.tsx
PASS components/admin/__tests__/ai-security-ingress-aggregate.test.tsx
PASS components/admin/policy/__tests__/category-bucket-board.subgroups.test.tsx
PASS components/admin/__tests__/ai-security-policy-runtime-integrity.test.tsx
PASS components/admin/__tests__/ai-security-policy-evidence-mode.test.tsx
PASS components/admin/__tests__/ai-security-mcp-tab.test.tsx
PASS components/admin/policy/__tests__/category-bucket-board.move.test.tsx
PASS components/admin/__tests__/endpoint-groups-tab.test.tsx
PASS components/admin/policy/__tests__/category-bucket-board.carryover.test.tsx
PASS app/admin/endpoints/__tests__/coverage-banner-server-text.test.tsx
PASS components/admin/policy/__tests__/warn-unanswered-control.test.tsx (5.213 s)
PASS components/admin/__tests__/ai-security-policy-section.c06.test.tsx
PASS app/admin/policies/ai-security/__tests__/ai-security-page.test.tsx (5.339 s)
  ● Console

    console.error
      {"timestamp":"2026-09-05T21:57:58.637Z","level":"error","message":"enforced authority read failed","error":{"name":"ReferenceError","message":"fetch is not defined","stack":"ReferenceError: fetch is not defined\n    at C:\\cwt\\p47-final-frontend-20260830\\components\\admin\\enforced-authority-panel.tsx:193:19\n    at Generator.next (<anonymous>)\n    at C:\\cwt\\p47-final-frontend-20260830\\components\\admin\\enforced-authority-panel.tsx:42:71\n    at new Promise (<anonymous>)\n    at Object.<anonymous>.__awaiter (C:\\cwt\\p47-final-frontend-20260830\\components\\admin\\enforced-authority-panel.tsx:38:12)\n    at C:\\cwt\\p47-final-frontend-20260830\\components\\admin\\enforced-authority-panel.tsx:189:45\n    at C:\\cwt\\p47-final-frontend-20260830\\components\\admin\\enforced-authority-panel.tsx:216:10\n    at Object.react_stack_bottom_frame (C:\\cwt\\p47-final-frontend-20260830\\node_modules\\react-dom\\cjs\\react-dom-client.development.js:25989:20)\n    at runWithFiberInDEV (C:\\cwt\\p47-final-frontend-20260830\\node_modules\\react-dom\\cjs\\react-dom-client.development.js:874:13)\n    at commitHookEffectListMount (C:\\cwt\\p47-final-frontend-20260830\\node_modules\\react-dom\\cjs\\react-dom-client.development.js:13249:29)\n    at commitHookPassiveMountEffects (C:\\cwt\\p47-final-frontend-20260830\\node_modules\\react-dom\\cjs\\react-dom-client.development.js:13336:11)\n    at commitPassiveMountOnFiber (C:\\cwt\\p47-final-frontend-20260830\\node_modules\\react-dom\\cjs\\react-dom-client.development.js:15484:13)\n    at recursivelyTraversePassiveMountEffects (C:\\cwt\\p47-final-frontend-20260830\\node_modules\\react-dom\\cjs\\react-dom-client.development.js:15439:11)\n    at commitPassiveMountOnFiber (C:\\cwt\\p47-final-frontend-20260830\\node_modules\\react-dom\\cjs\\react-dom-client.development.js:15718:11)\n    at recursivelyTraversePassiveMountEffects (C:\\cwt\\p47-final-frontend-20260830\\node_modules\\react-dom\\cjs\\react-dom-client.development.js:15439:11)\n    at commitPassiveMountOnFiber (C:\\cwt\\p47-final-frontend-20260830\\node_modules\\react-dom\\cjs\\react-dom-client.development.js:15718:11)\n    at recursivelyTraversePassiveMountEffects (C:\\cwt\\p47-final-frontend-20260830\\node_modules\\react-dom\\cjs\\react-dom-client.development.js:15439:11)\n    at commitPassiveMountOnFiber (C:\\cwt\\p47-final-frontend-20260830\\node_modules\\react-dom\\cjs\\react-dom-client.development.js:15476:11)\n    at recursivelyTraversePassiveMountEffects (C:\\cwt\\p47-final-frontend-20260830\\node_modules\\react-dom\\cjs\\react-dom-client.development.js:15439:11)\n    at commitPassiveMountOnFiber (C:\\cwt\\p47-final-frontend-20260830\\node_modules\\react-dom\\cjs\\react-dom-client.development.js:15476:11)\n    at recursivelyTraversePassiveMountEffects (C:\\cwt\\p47-final-frontend-20260830\\node_modules\\react-dom\\cjs\\react-dom-client.development.js:15439:11)\n    at commitPassiveMountOnFiber (C:\\cwt\\p47-final-frontend-20260830\\node_modules\\react-dom\\cjs\\react-dom-client.development.js:15519:11)\n    at flushPassiveEffects (C:\\cwt\\p47-final-frontend-20260830\\node_modules\\react-dom\\cjs\\react-dom-client.development.js:18432:9)\n    at C:\\cwt\\p47-final-frontend-20260830\\node_modules\\react-dom\\cjs\\react-dom-client.development.js:17923:15\n    at flushActQueue (C:\\cwt\\p47-final-frontend-20260830\\node_modules\\react\\cjs\\react.development.js:590:34)\n    at Object.<anonymous>.process.env.NODE_ENV.exports.act (C:\\cwt\\p47-final-frontend-20260830\\node_modules\\react\\cjs\\react.development.js:884:10)\n    at C:\\cwt\\p47-final-frontend-20260830\\node_modules\\@testing-library\\react\\dist\\act-compat.js:46:25\n    at renderRoot (C:\\cwt\\p47-final-frontend-20260830\\node_modules\\@testing-library\\react\\dist\\pure.js:189:26)\n    at render (C:\\cwt\\p47-final-frontend-20260830\\node_modules\\@testing-library\\react\\dist\\pure.js:291:10)\n    at Object.<anonymous> (C:\\cwt\\p47-final-frontend-20260830\\app\\admin\\policies\\ai-security\\__tests__\\ai-security-page.test.tsx:116:11)\n    at Promise.then.completed (C:\\cwt\\p47-final-frontend-20260830\\node_modules\\jest-circus\\build\\utils.js:298:28)\n    at new Promise (<anonymous>)\n    at callAsyncCircusFn (C:\\cwt\\p47-final-frontend-20260830\\node_modules\\jest-circus\\build\\utils.js:231:10)\n    at _callCircusTest (C:\\cwt\\p47-final-frontend-20260830\\node_modules\\jest-circus\\build\\run.js:316:40)\n    at processTicksAndRejections (node:internal/process/task_queues:103:5)\n    at _runTest (C:\\cwt\\p47-final-frontend-20260830\\node_modules\\jest-circus\\build\\run.js:252:3)\n    at _runTestsForDescribeBlock (C:\\cwt\\p47-final-frontend-20260830\\node_modules\\jest-circus\\build\\run.js:126:9)\n    at _runTestsForDescribeBlock (C:\\cwt\\p47-final-frontend-20260830\\node_modules\\jest-circus\\build\\run.js:121:9)\n    at run (C:\\cwt\\p47-final-frontend-20260830\\node_modules\\jest-circus\\build\\run.js:71:3)\n    at runAndTransformResultsToJestFormat (C:\\cwt\\p47-final-frontend-20260830\\node_modules\\jest-circus\\build\\legacy-code-todo-rewrite\\jestAdapterInit.js:122:21)\n    at jestAdapter (C:\\cwt\\p47-final-frontend-20260830\\node_modules\\jest-circus\\build\\legacy-code-todo-rewrite\\jestAdapter.js:79:19)\n    at runTestInternal (C:\\cwt\\p47-final-frontend-20260830\\node_modules\\jest-runner\\build\\runTest.js:367:16)\n    at runTest (C:\\cwt\\p47-final-frontend-20260830\\node_modules\\jest-runner\\build\\runTest.js:444:34)\n    at Object.worker (C:\\cwt\\p47-final-frontend-20260830\\node_modules\\jest-runner\\build\\testWorker.js:106:12)"}}

    [0m [90m 52 |[39m     level [33m===[39m [32m"error"[39m [33m?[39m console[33m.[39merror [33m:[39m level [33m===[39m [32m"warn"[39m [33m?[39m console[33m.[39mwarn [33m:[39m console[33m.[39mlog
     [90m 53 |[39m
    [31m[1m>[22m[39m[90m 54 |[39m   consoleFn(output)
     [90m    |[39m   [31m[1m^[22m[39m
     [90m 55 |[39m }
     [90m 56 |[39m
     [90m 57 |[39m [36mexport[39m [36mconst[39m logger [33m=[39m {[0m

      at emit (lib/logger.ts:54:3)
      at Object.error (lib/logger.ts:68:5)
      at components/admin/enforced-authority-panel.tsx:203:14
      at components/admin/enforced-authority-panel.tsx:42:71
      at Object.<anonymous>.__awaiter (components/admin/enforced-authority-panel.tsx:38:12)
      at components/admin/enforced-authority-panel.tsx:189:45
      at components/admin/enforced-authority-panel.tsx:216:10
      at Object.react_stack_bottom_frame (node_modules/react-dom/cjs/react-dom-client.development.js:25989:20)
      at runWithFiberInDEV (node_modules/react-dom/cjs/react-dom-client.development.js:874:13)
      at commitHookEffectListMount (node_modules/react-dom/cjs/react-dom-client.development.js:13249:29)
      at commitHookPassiveMountEffects (node_modules/react-dom/cjs/react-dom-client.development.js:13336:11)
      at commitPassiveMountOnFiber (node_modules/react-dom/cjs/react-dom-client.development.js:15484:13)
      at recursivelyTraversePassiveMountEffects (node_modules/react-dom/cjs/react-dom-client.development.js:15439:11)
      at commitPassiveMountOnFiber (node_modules/react-dom/cjs/react-dom-client.development.js:15718:11)
      at recursivelyTraversePassiveMountEffects (node_modules/react-dom/cjs/react-dom-client.development.js:15439:11)
      at commitPassiveMountOnFiber (node_modules/react-dom/cjs/react-dom-client.development.js:15718:11)
      at recursivelyTraversePassiveMountEffects (node_modules/react-dom/cjs/react-dom-client.development.js:15439:11)
      at commitPassiveMountOnFiber (node_modules/react-dom/cjs/react-dom-client.development.js:15476:11)
      at recursivelyTraversePassiveMountEffects (node_modules/react-dom/cjs/react-dom-client.development.js:15439:11)
      at commitPassiveMountOnFiber (node_modules/react-dom/cjs/react-dom-client.development.js:15476:11)
      at recursivelyTraversePassiveMountEffects (node_modules/react-dom/cjs/react-dom-client.development.js:15439:11)
      at commitPassiveMountOnFiber (node_modules/react-dom/cjs/react-dom-client.development.js:15519:11)
      at flushPassiveEffects (node_modules/react-dom/cjs/react-dom-client.development.js:18432:9)
      at node_modules/react-dom/cjs/react-dom-client.development.js:17923:15
      at flushActQueue (node_modules/react/cjs/react.development.js:590:34)
      at Object.<anonymous>.process.env.NODE_ENV.exports.act (node_modules/react/cjs/react.development.js:884:10)
      at node_modules/@testing-library/react/dist/act-compat.js:46:25
      at renderRoot (node_modules/@testing-library/react/dist/pure.js:189:26)
      at render (node_modules/@testing-library/react/dist/pure.js:291:10)
      at Object.<anonymous> (app/admin/policies/ai-security/__tests__/ai-security-page.test.tsx:116:11)

    console.error
      {"timestamp":"2026-09-05T21:57:59.541Z","level":"error","message":"enforced authority read failed","error":{"name":"ReferenceError","message":"fetch is not defined","stack":"ReferenceError: fetch is not defined\n    at C:\\cwt\\p47-final-frontend-20260830\\components\\admin\\enforced-authority-panel.tsx:193:19\n    at Generator.next (<anonymous>)\n    at C:\\cwt\\p47-final-frontend-20260830\\components\\admin\\enforced-authority-panel.tsx:42:71\n    at new Promise (<anonymous>)\n    at Object.<anonymous>.__awaiter (C:\\cwt\\p47-final-frontend-20260830\\components\\admin\\enforced-authority-panel.tsx:38:12)\n    at C:\\cwt\\p47-final-frontend-20260830\\components\\admin\\enforced-authority-panel.tsx:189:45\n    at C:\\cwt\\p47-final-frontend-20260830\\components\\admin\\enforced-authority-panel.tsx:216:10\n    at Object.react_stack_bottom_frame (C:\\cwt\\p47-final-frontend-20260830\\node_modules\\react-dom\\cjs\\react-dom-client.development.js:25989:20)\n    at runWithFiberInDEV (C:\\cwt\\p47-final-frontend-20260830\\node_modules\\react-dom\\cjs\\react-dom-client.development.js:874:13)\n    at commitHookEffectListMount (C:\\cwt\\p47-final-frontend-20260830\\node_modules\\react-dom\\cjs\\react-dom-client.development.js:13249:29)\n    at commitHookPassiveMountEffects (C:\\cwt\\p47-final-frontend-20260830\\node_modules\\react-dom\\cjs\\react-dom-client.development.js:13336:11)\n    at commitPassiveMountOnFiber (C:\\cwt\\p47-final-frontend-20260830\\node_modules\\react-dom\\cjs\\react-dom-client.development.js:15484:13)\n    at recursivelyTraversePassiveMountEffects (C:\\cwt\\p47-final-frontend-20260830\\node_modules\\react-dom\\cjs\\react-dom-client.development.js:15439:11)\n    at commitPassiveMountOnFiber (C:\\cwt\\p47-final-frontend-20260830\\node_modules\\react-dom\\cjs\\react-dom-client.development.js:15718:11)\n    at recursivelyTraversePassiveMountEffects (C:\\cwt\\p47-final-frontend-20260830\\node_modules\\react-dom\\cjs\\react-dom-client.development.js:15439:11)\n    at commitPassiveMountOnFiber (C:\\cwt\\p47-final-frontend-20260830\\node_modules\\react-dom\\cjs\\react-dom-client.development.js:15718:11)\n    at recursivelyTraversePassiveMountEffects (C:\\cwt\\p47-final-frontend-20260830\\node_modules\\react-dom\\cjs\\react-dom-client.development.js:15439:11)\n    at commitPassiveMountOnFiber (C:\\cwt\\p47-final-frontend-20260830\\node_modules\\react-dom\\cjs\\react-dom-client.development.js:15476:11)\n    at recursivelyTraversePassiveMountEffects (C:\\cwt\\p47-final-frontend-20260830\\node_modules\\react-dom\\cjs\\react-dom-client.development.js:15439:11)\n    at commitPassiveMountOnFiber (C:\\cwt\\p47-final-frontend-20260830\\node_modules\\react-dom\\cjs\\react-dom-client.development.js:15476:11)\n    at recursivelyTraversePassiveMountEffects (C:\\cwt\\p47-final-frontend-20260830\\node_modules\\react-dom\\cjs\\react-dom-client.development.js:15439:11)\n    at commitPassiveMountOnFiber (C:\\cwt\\p47-final-frontend-20260830\\node_modules\\react-dom\\cjs\\react-dom-client.development.js:15519:11)\n    at flushPassiveEffects (C:\\cwt\\p47-final-frontend-20260830\\node_modules\\react-dom\\cjs\\react-dom-client.development.js:18432:9)\n    at C:\\cwt\\p47-final-frontend-20260830\\node_modules\\react-dom\\cjs\\react-dom-client.development.js:17923:15\n    at flushActQueue (C:\\cwt\\p47-final-frontend-20260830\\node_modules\\react\\cjs\\react.development.js:590:34)\n    at Object.<anonymous>.process.env.NODE_ENV.exports.act (C:\\cwt\\p47-final-frontend-20260830\\node_modules\\react\\cjs\\react.development.js:884:10)\n    at C:\\cwt\\p47-final-frontend-20260830\\node_modules\\@testing-library\\react\\dist\\act-compat.js:46:25\n    at renderRoot (C:\\cwt\\p47-final-frontend-20260830\\node_modules\\@testing-library\\react\\dist\\pure.js:189:26)\n    at render (C:\\cwt\\p47-final-frontend-20260830\\node_modules\\@testing-library\\react\\dist\\pure.js:291:10)\n    at Object.<anonymous> (C:\\cwt\\p47-final-frontend-20260830\\app\\admin\\policies\\ai-security\\__tests__\\ai-security-page.test.tsx:124:11)\n    at Promise.then.completed (C:\\cwt\\p47-final-frontend-20260830\\node_modules\\jest-circus\\build\\utils.js:298:28)\n    at new Promise (<anonymous>)\n    at callAsyncCircusFn (C:\\cwt\\p47-final-frontend-20260830\\node_modules\\jest-circus\\build\\utils.js:231:10)\n    at _callCircusTest (C:\\cwt\\p47-final-frontend-20260830\\node_modules\\jest-circus\\build\\run.js:316:40)\n    at processTicksAndRejections (node:internal/process/task_queues:103:5)\n    at _runTest (C:\\cwt\\p47-final-frontend-20260830\\node_modules\\jest-circus\\build\\run.js:252:3)\n    at _runTestsForDescribeBlock (C:\\cwt\\p47-final-frontend-20260830\\node_modules\\jest-circus\\build\\run.js:126:9)\n    at _runTestsForDescribeBlock (C:\\cwt\\p47-final-frontend-20260830\\node_modules\\jest-circus\\build\\run.js:121:9)\n    at run (C:\\cwt\\p47-final-frontend-20260830\\node_modules\\jest-circus\\build\\run.js:71:3)\n    at runAndTransformResultsToJestFormat (C:\\cwt\\p47-final-frontend-20260830\\node_modules\\jest-circus\\build\\legacy-code-todo-rewrite\\jestAdapterInit.js:122:21)\n    at jestAdapter (C:\\cwt\\p47-final-frontend-20260830\\node_modules\\jest-circus\\build\\legacy-code-todo-rewrite\\jestAdapter.js:79:19)\n    at runTestInternal (C:\\cwt\\p47-final-frontend-20260830\\node_modules\\jest-runner\\build\\runTest.js:367:16)\n    at runTest (C:\\cwt\\p47-final-frontend-20260830\\node_modules\\jest-runner\\build\\runTest.js:444:34)\n    at Object.worker (C:\\cwt\\p47-final-frontend-20260830\\node_modules\\jest-runner\\build\\testWorker.js:106:12)"}}

    [0m [90m 52 |[39m     level [33m===[39m [32m"error"[39m [33m?[39m console[33m.[39merror [33m:[39m level [33m===[39m [32m"warn"[39m [33m?[39m console[33m.[39mwarn [33m:[39m console[33m.[39mlog
     [90m 53 |[39m
    [31m[1m>[22m[39m[90m 54 |[39m   consoleFn(output)
     [90m    |[39m   [31m[1m^[22m[39m
     [90m 55 |[39m }
     [90m 56 |[39m
     [90m 57 |[39m [36mexport[39m [36mconst[39m logger [33m=[39m {[0m

      at emit (lib/logger.ts:54:3)
      at Object.error (lib/logger.ts:68:5)
      at components/admin/enforced-authority-panel.tsx:203:14
      at components/admin/enforced-authority-panel.tsx:42:71
      at Object.<anonymous>.__awaiter (components/admin/enforced-authority-panel.tsx:38:12)
      at components/admin/enforced-authority-panel.tsx:189:45
      at components/admin/enforced-authority-panel.tsx:216:10
      at Object.react_stack_bottom_frame (node_modules/react-dom/cjs/react-dom-client.development.js:25989:20)
      at runWithFiberInDEV (node_modules/react-dom/cjs/react-dom-client.development.js:874:13)
      at commitHookEffectListMount (node_modules/react-dom/cjs/react-dom-client.development.js:13249:29)
      at commitHookPassiveMountEffects (node_modules/react-dom/cjs/react-dom-client.development.js:13336:11)
      at commitPassiveMountOnFiber (node_modules/react-dom/cjs/react-dom-client.development.js:15484:13)
      at recursivelyTraversePassiveMountEffects (node_modules/react-dom/cjs/react-dom-client.development.js:15439:11)
      at commitPassiveMountOnFiber (node_modules/react-dom/cjs/react-dom-client.development.js:15718:11)
      at recursivelyTraversePassiveMountEffects (node_modules/react-dom/cjs/react-dom-client.development.js:15439:11)
      at commitPassiveMountOnFiber (node_modules/react-dom/cjs/react-dom-client.development.js:15718:11)
      at recursivelyTraversePassiveMountEffects (node_modules/react-dom/cjs/react-dom-client.development.js:15439:11)
      at commitPassiveMountOnFiber (node_modules/react-dom/cjs/react-dom-client.development.js:15476:11)
      at recursivelyTraversePassiveMountEffects (node_modules/react-dom/cjs/react-dom-client.development.js:15439:11)
      at commitPassiveMountOnFiber (node_modules/react-dom/cjs/react-dom-client.development.js:15476:11)
      at recursivelyTraversePassiveMountEffects (node_modules/react-dom/cjs/react-dom-client.development.js:15439:11)
      at commitPassiveMountOnFiber (node_modules/react-dom/cjs/react-dom-client.development.js:15519:11)
      at flushPassiveEffects (node_modules/react-dom/cjs/react-dom-client.development.js:18432:9)
      at node_modules/react-dom/cjs/react-dom-client.development.js:17923:15
      at flushActQueue (node_modules/react/cjs/react.development.js:590:34)
      at Object.<anonymous>.process.env.NODE_ENV.exports.act (node_modules/react/cjs/react.development.js:884:10)
      at node_modules/@testing-library/react/dist/act-compat.js:46:25
      at renderRoot (node_modules/@testing-library/react/dist/pure.js:189:26)
      at render (node_modules/@testing-library/react/dist/pure.js:291:10)
      at Object.<anonymous> (app/admin/policies/ai-security/__tests__/ai-security-page.test.tsx:124:11)

    console.error
      {"timestamp":"2026-09-05T21:57:59.748Z","level":"error","message":"enforced authority read failed","error":{"name":"ReferenceError","message":"fetch is not defined","stack":"ReferenceError: fetch is not defined\n    at C:\\cwt\\p47-final-frontend-20260830\\components\\admin\\enforced-authority-panel.tsx:193:19\n    at Generator.next (<anonymous>)\n    at C:\\cwt\\p47-final-frontend-20260830\\components\\admin\\enforced-authority-panel.tsx:42:71\n    at new Promise (<anonymous>)\n    at Object.<anonymous>.__awaiter (C:\\cwt\\p47-final-frontend-20260830\\components\\admin\\enforced-authority-panel.tsx:38:12)\n    at C:\\cwt\\p47-final-frontend-20260830\\components\\admin\\enforced-authority-panel.tsx:189:45\n    at C:\\cwt\\p47-final-frontend-20260830\\components\\admin\\enforced-authority-panel.tsx:216:10\n    at Object.react_stack_bottom_frame (C:\\cwt\\p47-final-frontend-20260830\\node_modules\\react-dom\\cjs\\react-dom-client.development.js:25989:20)\n    at runWithFiberInDEV (C:\\cwt\\p47-final-frontend-20260830\\node_modules\\react-dom\\cjs\\react-dom-client.development.js:874:13)\n    at commitHookEffectListMount (C:\\cwt\\p47-final-frontend-20260830\\node_modules\\react-dom\\cjs\\react-dom-client.development.js:13249:29)\n    at commitHookPassiveMountEffects (C:\\cwt\\p47-final-frontend-20260830\\node_modules\\react-dom\\cjs\\react-dom-client.development.js:13336:11)\n    at commitPassiveMountOnFiber (C:\\cwt\\p47-final-frontend-20260830\\node_modules\\react-dom\\cjs\\react-dom-client.development.js:15484:13)\n    at recursivelyTraversePassiveMountEffects (C:\\cwt\\p47-final-frontend-20260830\\node_modules\\react-dom\\cjs\\react-dom-client.development.js:15439:11)\n    at commitPassiveMountOnFiber (C:\\cwt\\p47-final-frontend-20260830\\node_modules\\react-dom\\cjs\\react-dom-client.development.js:15718:11)\n    at recursivelyTraversePassiveMountEffects (C:\\cwt\\p47-final-frontend-20260830\\node_modules\\react-dom\\cjs\\react-dom-client.development.js:15439:11)\n    at commitPassiveMountOnFiber (C:\\cwt\\p47-final-frontend-20260830\\node_modules\\react-dom\\cjs\\react-dom-client.development.js:15718:11)\n    at recursivelyTraversePassiveMountEffects (C:\\cwt\\p47-final-frontend-20260830\\node_modules\\react-dom\\cjs\\react-dom-client.development.js:15439:11)\n    at commitPassiveMountOnFiber (C:\\cwt\\p47-final-frontend-20260830\\node_modules\\react-dom\\cjs\\react-dom-client.development.js:15476:11)\n    at recursivelyTraversePassiveMountEffects (C:\\cwt\\p47-final-frontend-20260830\\node_modules\\react-dom\\cjs\\react-dom-client.development.js:15439:11)\n    at commitPassiveMountOnFiber (C:\\cwt\\p47-final-frontend-20260830\\node_modules\\react-dom\\cjs\\react-dom-client.development.js:15476:11)\n    at recursivelyTraversePassiveMountEffects (C:\\cwt\\p47-final-frontend-20260830\\node_modules\\react-dom\\cjs\\react-dom-client.development.js:15439:11)\n    at commitPassiveMountOnFiber (C:\\cwt\\p47-final-frontend-20260830\\node_modules\\react-dom\\cjs\\react-dom-client.development.js:15519:11)\n    at flushPassiveEffects (C:\\cwt\\p47-final-frontend-20260830\\node_modules\\react-dom\\cjs\\react-dom-client.development.js:18432:9)\n    at C:\\cwt\\p47-final-frontend-20260830\\node_modules\\react-dom\\cjs\\react-dom-client.development.js:17923:15\n    at flushActQueue (C:\\cwt\\p47-final-frontend-20260830\\node_modules\\react\\cjs\\react.development.js:590:34)\n    at Object.<anonymous>.process.env.NODE_ENV.exports.act (C:\\cwt\\p47-final-frontend-20260830\\node_modules\\react\\cjs\\react.development.js:884:10)\n    at C:\\cwt\\p47-final-frontend-20260830\\node_modules\\@testing-library\\react\\dist\\act-compat.js:46:25\n    at renderRoot (C:\\cwt\\p47-final-frontend-20260830\\node_modules\\@testing-library\\react\\dist\\pure.js:189:26)\n    at render (C:\\cwt\\p47-final-frontend-20260830\\node_modules\\@testing-library\\react\\dist\\pure.js:291:10)\n    at Object.<anonymous> (C:\\cwt\\p47-final-frontend-20260830\\app\\admin\\policies\\ai-security\\__tests__\\ai-security-page.test.tsx:132:11)\n    at Promise.then.completed (C:\\cwt\\p47-final-frontend-20260830\\node_modules\\jest-circus\\build\\utils.js:298:28)\n    at new Promise (<anonymous>)\n    at callAsyncCircusFn (C:\\cwt\\p47-final-frontend-20260830\\node_modules\\jest-circus\\build\\utils.js:231:10)\n    at _callCircusTest (C:\\cwt\\p47-final-frontend-20260830\\node_modules\\jest-circus\\build\\run.js:316:40)\n    at processTicksAndRejections (node:internal/process/task_queues:103:5)\n    at _runTest (C:\\cwt\\p47-final-frontend-20260830\\node_modules\\jest-circus\\build\\run.js:252:3)\n    at _runTestsForDescribeBlock (C:\\cwt\\p47-final-frontend-20260830\\node_modules\\jest-circus\\build\\run.js:126:9)\n    at _runTestsForDescribeBlock (C:\\cwt\\p47-final-frontend-20260830\\node_modules\\jest-circus\\build\\run.js:121:9)\n    at run (C:\\cwt\\p47-final-frontend-20260830\\node_modules\\jest-circus\\build\\run.js:71:3)\n    at runAndTransformResultsToJestFormat (C:\\cwt\\p47-final-frontend-20260830\\node_modules\\jest-circus\\build\\legacy-code-todo-rewrite\\jestAdapterInit.js:122:21)\n    at jestAdapter (C:\\cwt\\p47-final-frontend-20260830\\node_modules\\jest-circus\\build\\legacy-code-todo-rewrite\\jestAdapter.js:79:19)\n    at runTestInternal (C:\\cwt\\p47-final-frontend-20260830\\node_modules\\jest-runner\\build\\runTest.js:367:16)\n    at runTest (C:\\cwt\\p47-final-frontend-20260830\\node_modules\\jest-runner\\build\\runTest.js:444:34)\n    at Object.worker (C:\\cwt\\p47-final-frontend-20260830\\node_modules\\jest-runner\\build\\testWorker.js:106:12)"}}

    [0m [90m 52 |[39m     level [33m===[39m [32m"error"[39m [33m?[39m console[33m.[39merror [33m:[39m level [33m===[39m [32m"warn"[39m [33m?[39m console[33m.[39mwarn [33m:[39m console[33m.[39mlog
     [90m 53 |[39m
    [31m[1m>[22m[39m[90m 54 |[39m   consoleFn(output)
     [90m    |[39m   [31m[1m^[22m[39m
     [90m 55 |[39m }
     [90m 56 |[39m
     [90m 57 |[39m [36mexport[39m [36mconst[39m logger [33m=[39m {[0m

      at emit (lib/logger.ts:54:3)
      at Object.error (lib/logger.ts:68:5)
      at components/admin/enforced-authority-panel.tsx:203:14
      at components/admin/enforced-authority-panel.tsx:42:71
      at Object.<anonymous>.__awaiter (components/admin/enforced-authority-panel.tsx:38:12)
      at components/admin/enforced-authority-panel.tsx:189:45
      at components/admin/enforced-authority-panel.tsx:216:10
      at Object.react_stack_bottom_frame (node_modules/react-dom/cjs/react-dom-client.development.js:25989:20)
      at runWithFiberInDEV (node_modules/react-dom/cjs/react-dom-client.development.js:874:13)
      at commitHookEffectListMount (node_modules/react-dom/cjs/react-dom-client.development.js:13249:29)
      at commitHookPassiveMountEffects (node_modules/react-dom/cjs/react-dom-client.development.js:13336:11)
      at commitPassiveMountOnFiber (node_modules/react-dom/cjs/react-dom-client.development.js:15484:13)
      at recursivelyTraversePassiveMountEffects (node_modules/react-dom/cjs/react-dom-client.development.js:15439:11)
      at commitPassiveMountOnFiber (node_modules/react-dom/cjs/react-dom-client.development.js:15718:11)
      at recursivelyTraversePassiveMountEffects (node_modules/react-dom/cjs/react-dom-client.development.js:15439:11)
      at commitPassiveMountOnFiber (node_modules/react-dom/cjs/react-dom-client.development.js:15718:11)
      at recursivelyTraversePassiveMountEffects (node_modules/react-dom/cjs/react-dom-client.development.js:15439:11)
      at commitPassiveMountOnFiber (node_modules/react-dom/cjs/react-dom-client.development.js:15476:11)
      at recursivelyTraversePassiveMountEffects (node_modules/react-dom/cjs/react-dom-client.development.js:15439:11)
      at commitPassiveMountOnFiber (node_modules/react-dom/cjs/react-dom-client.development.js:15476:11)
      at recursivelyTraversePassiveMountEffects (node_modules/react-dom/cjs/react-dom-client.development.js:15439:11)
      at commitPassiveMountOnFiber (node_modules/react-dom/cjs/react-dom-client.development.js:15519:11)
      at flushPassiveEffects (node_modules/react-dom/cjs/react-dom-client.development.js:18432:9)
      at node_modules/react-dom/cjs/react-dom-client.development.js:17923:15
      at flushActQueue (node_modules/react/cjs/react.development.js:590:34)
      at Object.<anonymous>.process.env.NODE_ENV.exports.act (node_modules/react/cjs/react.development.js:884:10)
      at node_modules/@testing-library/react/dist/act-compat.js:46:25
      at renderRoot (node_modules/@testing-library/react/dist/pure.js:189:26)
      at render (node_modules/@testing-library/react/dist/pure.js:291:10)
      at Object.<anonymous> (app/admin/policies/ai-security/__tests__/ai-security-page.test.tsx:132:11)

    console.error
      {"timestamp":"2026-09-05T21:57:59.763Z","level":"error","message":"enforced authority read failed","error":{"name":"ReferenceError","message":"fetch is not defined","stack":"ReferenceError: fetch is not defined\n    at C:\\cwt\\p47-final-frontend-20260830\\components\\admin\\enforced-authority-panel.tsx:193:19\n    at Generator.next (<anonymous>)\n    at C:\\cwt\\p47-final-frontend-20260830\\components\\admin\\enforced-authority-panel.tsx:42:71\n    at new Promise (<anonymous>)\n    at Object.<anonymous>.__awaiter (C:\\cwt\\p47-final-frontend-20260830\\components\\admin\\enforced-authority-panel.tsx:38:12)\n    at C:\\cwt\\p47-final-frontend-20260830\\components\\admin\\enforced-authority-panel.tsx:189:45\n    at C:\\cwt\\p47-final-frontend-20260830\\components\\admin\\enforced-authority-panel.tsx:216:10\n    at Object.react_stack_bottom_frame (C:\\cwt\\p47-final-frontend-20260830\\node_modules\\react-dom\\cjs\\react-dom-client.development.js:25989:20)\n    at runWithFiberInDEV (C:\\cwt\\p47-final-frontend-20260830\\node_modules\\react-dom\\cjs\\react-dom-client.development.js:874:13)\n    at commitHookEffectListMount (C:\\cwt\\p47-final-frontend-20260830\\node_modules\\react-dom\\cjs\\react-dom-client.development.js:13249:29)\n    at commitHookPassiveMountEffects (C:\\cwt\\p47-final-frontend-20260830\\node_modules\\react-dom\\cjs\\react-dom-client.development.js:13336:11)\n    at commitPassiveMountOnFiber (C:\\cwt\\p47-final-frontend-20260830\\node_modules\\react-dom\\cjs\\react-dom-client.development.js:15484:13)\n    at recursivelyTraversePassiveMountEffects (C:\\cwt\\p47-final-frontend-20260830\\node_modules\\react-dom\\cjs\\react-dom-client.development.js:15439:11)\n    at commitPassiveMountOnFiber (C:\\cwt\\p47-final-frontend-20260830\\node_modules\\react-dom\\cjs\\react-dom-client.development.js:15718:11)\n    at recursivelyTraversePassiveMountEffects (C:\\cwt\\p47-final-frontend-20260830\\node_modules\\react-dom\\cjs\\react-dom-client.development.js:15439:11)\n    at commitPassiveMountOnFiber (C:\\cwt\\p47-final-frontend-20260830\\node_modules\\react-dom\\cjs\\react-dom-client.development.js:15718:11)\n    at recursivelyTraversePassiveMountEffects (C:\\cwt\\p47-final-frontend-20260830\\node_modules\\react-dom\\cjs\\react-dom-client.development.js:15439:11)\n    at commitPassiveMountOnFiber (C:\\cwt\\p47-final-frontend-20260830\\node_modules\\react-dom\\cjs\\react-dom-client.development.js:15476:11)\n    at recursivelyTraversePassiveMountEffects (C:\\cwt\\p47-final-frontend-20260830\\node_modules\\react-dom\\cjs\\react-dom-client.development.js:15439:11)\n    at commitPassiveMountOnFiber (C:\\cwt\\p47-final-frontend-20260830\\node_modules\\react-dom\\cjs\\react-dom-client.development.js:15476:11)\n    at recursivelyTraversePassiveMountEffects (C:\\cwt\\p47-final-frontend-20260830\\node_modules\\react-dom\\cjs\\react-dom-client.development.js:15439:11)\n    at commitPassiveMountOnFiber (C:\\cwt\\p47-final-frontend-20260830\\node_modules\\react-dom\\cjs\\react-dom-client.development.js:15519:11)\n    at flushPassiveEffects (C:\\cwt\\p47-final-frontend-20260830\\node_modules\\react-dom\\cjs\\react-dom-client.development.js:18432:9)\n    at C:\\cwt\\p47-final-frontend-20260830\\node_modules\\react-dom\\cjs\\react-dom-client.development.js:17923:15\n    at flushActQueue (C:\\cwt\\p47-final-frontend-20260830\\node_modules\\react\\cjs\\react.development.js:590:34)\n    at Object.<anonymous>.process.env.NODE_ENV.exports.act (C:\\cwt\\p47-final-frontend-20260830\\node_modules\\react\\cjs\\react.development.js:884:10)\n    at C:\\cwt\\p47-final-frontend-20260830\\node_modules\\@testing-library\\react\\dist\\act-compat.js:46:25\n    at renderRoot (C:\\cwt\\p47-final-frontend-20260830\\node_modules\\@testing-library\\react\\dist\\pure.js:189:26)\n    at render (C:\\cwt\\p47-final-frontend-20260830\\node_modules\\@testing-library\\react\\dist\\pure.js:291:10)\n    at Object.<anonymous> (C:\\cwt\\p47-final-frontend-20260830\\app\\admin\\policies\\ai-security\\__tests__\\ai-security-page.test.tsx:141:11)\n    at Promise.then.completed (C:\\cwt\\p47-final-frontend-20260830\\node_modules\\jest-circus\\build\\utils.js:298:28)\n    at new Promise (<anonymous>)\n    at callAsyncCircusFn (C:\\cwt\\p47-final-frontend-20260830\\node_modules\\jest-circus\\build\\utils.js:231:10)\n    at _callCircusTest (C:\\cwt\\p47-final-frontend-20260830\\node_modules\\jest-circus\\build\\run.js:316:40)\n    at processTicksAndRejections (node:internal/process/task_queues:103:5)\n    at _runTest (C:\\cwt\\p47-final-frontend-20260830\\node_modules\\jest-circus\\build\\run.js:252:3)\n    at _runTestsForDescribeBlock (C:\\cwt\\p47-final-frontend-20260830\\node_modules\\jest-circus\\build\\run.js:126:9)\n    at _runTestsForDescribeBlock (C:\\cwt\\p47-final-frontend-20260830\\node_modules\\jest-circus\\build\\run.js:121:9)\n    at run (C:\\cwt\\p47-final-frontend-20260830\\node_modules\\jest-circus\\build\\run.js:71:3)\n    at runAndTransformResultsToJestFormat (C:\\cwt\\p47-final-frontend-20260830\\node_modules\\jest-circus\\build\\legacy-code-todo-rewrite\\jestAdapterInit.js:122:21)\n    at jestAdapter (C:\\cwt\\p47-final-frontend-20260830\\node_modules\\jest-circus\\build\\legacy-code-todo-rewrite\\jestAdapter.js:79:19)\n    at runTestInternal (C:\\cwt\\p47-final-frontend-20260830\\node_modules\\jest-runner\\build\\runTest.js:367:16)\n    at runTest (C:\\cwt\\p47-final-frontend-20260830\\node_modules\\jest-runner\\build\\runTest.js:444:34)\n    at Object.worker (C:\\cwt\\p47-final-frontend-20260830\\node_modules\\jest-runner\\build\\testWorker.js:106:12)"}}

    [0m [90m 52 |[39m     level [33m===[39m [32m"error"[39m [33m?[39m console[33m.[39merror [33m:[39m level [33m===[39m [32m"warn"[39m [33m?[39m console[33m.[39mwarn [33m:[39m console[33m.[39mlog
     [90m 53 |[39m
    [31m[1m>[22m[39m[90m 54 |[39m   consoleFn(output)
     [90m    |[39m   [31m[1m^[22m[39m
     [90m 55 |[39m }
     [90m 56 |[39m
     [90m 57 |[39m [36mexport[39m [36mconst[39m logger [33m=[39m {[0m

      at emit (lib/logger.ts:54:3)
      at Object.error (lib/logger.ts:68:5)
      at components/admin/enforced-authority-panel.tsx:203:14
      at components/admin/enforced-authority-panel.tsx:42:71
      at Object.<anonymous>.__awaiter (components/admin/enforced-authority-panel.tsx:38:12)
      at components/admin/enforced-authority-panel.tsx:189:45
      at components/admin/enforced-authority-panel.tsx:216:10
      at Object.react_stack_bottom_frame (node_modules/react-dom/cjs/react-dom-client.development.js:25989:20)
      at runWithFiberInDEV (node_modules/react-dom/cjs/react-dom-client.development.js:874:13)
      at commitHookEffectListMount (node_modules/react-dom/cjs/react-dom-client.development.js:13249:29)
      at commitHookPassiveMountEffects (node_modules/react-dom/cjs/react-dom-client.development.js:13336:11)
      at commitPassiveMountOnFiber (node_modules/react-dom/cjs/react-dom-client.development.js:15484:13)
      at recursivelyTraversePassiveMountEffects (node_modules/react-dom/cjs/react-dom-client.development.js:15439:11)
      at commitPassiveMountOnFiber (node_modules/react-dom/cjs/react-dom-client.development.js:15718:11)
      at recursivelyTraversePassiveMountEffects (node_modules/react-dom/cjs/react-dom-client.development.js:15439:11)
      at commitPassiveMountOnFiber (node_modules/react-dom/cjs/react-dom-client.development.js:15718:11)
      at recursivelyTraversePassiveMountEffects (node_modules/react-dom/cjs/react-dom-client.development.js:15439:11)
      at commitPassiveMountOnFiber (node_modules/react-dom/cjs/react-dom-client.development.js:15476:11)
      at recursivelyTraversePassiveMountEffects (node_modules/react-dom/cjs/react-dom-client.development.js:15439:11)
      at commitPassiveMountOnFiber (node_modules/react-dom/cjs/react-dom-client.development.js:15476:11)
      at recursivelyTraversePassiveMountEffects (node_modules/react-dom/cjs/react-dom-client.development.js:15439:11)
      at commitPassiveMountOnFiber (node_modules/react-dom/cjs/react-dom-client.development.js:15519:11)
      at flushPassiveEffects (node_modules/react-dom/cjs/react-dom-client.development.js:18432:9)
      at node_modules/react-dom/cjs/react-dom-client.development.js:17923:15
      at flushActQueue (node_modules/react/cjs/react.development.js:590:34)
      at Object.<anonymous>.process.env.NODE_ENV.exports.act (node_modules/react/cjs/react.development.js:884:10)
      at node_modules/@testing-library/react/dist/act-compat.js:46:25
      at renderRoot (node_modules/@testing-library/react/dist/pure.js:189:26)
      at render (node_modules/@testing-library/react/dist/pure.js:291:10)
      at Object.<anonymous> (app/admin/policies/ai-security/__tests__/ai-security-page.test.tsx:141:11)

    console.error
      An update to PolicyLibraryPanel inside a test was not wrapped in act(...).
      
      When testing, code that causes React state updates should be wrapped into act(...):
      
      act(() => {
        /* fire events that update state */
      });
      /* assert on the output */
      
      This ensures that you're testing the behavior the user would see in the browser. Learn more at https://react.dev/link/wrap-tests-with-act

    [0m [90m 374 |[39m       } [36mcatch[39m (err[33m:[39m unknown) {
     [90m 375 |[39m         [36mif[39m (cancelled) [36mreturn[39m
    [31m[1m>[22m[39m[90m 376 |[39m         setSaved({
     [90m     |[39m         [31m[1m^[22m[39m
     [90m 377 |[39m           items[33m:[39m [36mnull[39m[33m,[39m
     [90m 378 |[39m           status[33m:[39m [36mnull[39m[33m,[39m
     [90m 379 |[39m           error[33m:[39m[0m

      at node_modules/react-dom/cjs/react-dom-client.development.js:18758:19
      at runWithFiberInDEV (node_modules/react-dom/cjs/react-dom-client.development.js:874:13)
      at warnIfUpdatesNotWrappedWithActDEV (node_modules/react-dom/cjs/react-dom-client.development.js:18757:9)
      at scheduleUpdateOnFiber (node_modules/react-dom/cjs/react-dom-client.development.js:16409:11)
      at dispatchSetStateInternal (node_modules/react-dom/cjs/react-dom-client.development.js:9170:13)
      at dispatchSetState (node_modules/react-dom/cjs/react-dom-client.development.js:9127:7)
      at components/admin/policy/policy-library-panel.tsx:376:9
          at Generator.throw (<anonymous>)
      at rejected (components/admin/policy/policy-library-panel.tsx:40:65)

    console.error
      {"timestamp":"2026-09-05T21:58:00.058Z","level":"error","message":"enforced authority read failed","error":{"name":"ReferenceError","message":"fetch is not defined","stack":"ReferenceError: fetch is not defined\n    at C:\\cwt\\p47-final-frontend-20260830\\components\\admin\\enforced-authority-panel.tsx:193:19\n    at Generator.next (<anonymous>)\n    at C:\\cwt\\p47-final-frontend-20260830\\components\\admin\\enforced-authority-panel.tsx:42:71\n    at new Promise (<anonymous>)\n    at Object.<anonymous>.__awaiter (C:\\cwt\\p47-final-frontend-20260830\\components\\admin\\enforced-authority-panel.tsx:38:12)\n    at C:\\cwt\\p47-final-frontend-20260830\\components\\admin\\enforced-authority-panel.tsx:189:45\n    at C:\\cwt\\p47-final-frontend-20260830\\components\\admin\\enforced-authority-panel.tsx:216:10\n    at Object.react_stack_bottom_frame (C:\\cwt\\p47-final-frontend-20260830\\node_modules\\react-dom\\cjs\\react-dom-client.development.js:25989:20)\n    at runWithFiberInDEV (C:\\cwt\\p47-final-frontend-20260830\\node_modules\\react-dom\\cjs\\react-dom-client.development.js:874:13)\n    at commitHookEffectListMount (C:\\cwt\\p47-final-frontend-20260830\\node_modules\\react-dom\\cjs\\react-dom-client.development.js:13249:29)\n    at commitHookPassiveMountEffects (C:\\cwt\\p47-final-frontend-20260830\\node_modules\\react-dom\\cjs\\react-dom-client.development.js:13336:11)\n    at commitPassiveMountOnFiber (C:\\cwt\\p47-final-frontend-20260830\\node_modules\\react-dom\\cjs\\react-dom-client.development.js:15484:13)\n    at recursivelyTraversePassiveMountEffects (C:\\cwt\\p47-final-frontend-20260830\\node_modules\\react-dom\\cjs\\react-dom-client.development.js:15439:11)\n    at commitPassiveMountOnFiber (C:\\cwt\\p47-final-frontend-20260830\\node_modules\\react-dom\\cjs\\react-dom-client.development.js:15718:11)\n    at recursivelyTraversePassiveMountEffects (C:\\cwt\\p47-final-frontend-20260830\\node_modules\\react-dom\\cjs\\react-dom-client.development.js:15439:11)\n    at commitPassiveMountOnFiber (C:\\cwt\\p47-final-frontend-20260830\\node_modules\\react-dom\\cjs\\react-dom-client.development.js:15718:11)\n    at recursivelyTraversePassiveMountEffects (C:\\cwt\\p47-final-frontend-20260830\\node_modules\\react-dom\\cjs\\react-dom-client.development.js:15439:11)\n    at commitPassiveMountOnFiber (C:\\cwt\\p47-final-frontend-20260830\\node_modules\\react-dom\\cjs\\react-dom-client.development.js:15476:11)\n    at recursivelyTraversePassiveMountEffects (C:\\cwt\\p47-final-frontend-20260830\\node_modules\\react-dom\\cjs\\react-dom-client.development.js:15439:11)\n    at commitPassiveMountOnFiber (C:\\cwt\\p47-final-frontend-20260830\\node_modules\\react-dom\\cjs\\react-dom-client.development.js:15476:11)\n    at recursivelyTraversePassiveMountEffects (C:\\cwt\\p47-final-frontend-20260830\\node_modules\\react-dom\\cjs\\react-dom-client.development.js:15439:11)\n    at commitPassiveMountOnFiber (C:\\cwt\\p47-final-frontend-20260830\\node_modules\\react-dom\\cjs\\react-dom-client.development.js:15519:11)\n    at flushPassiveEffects (C:\\cwt\\p47-final-frontend-20260830\\node_modules\\react-dom\\cjs\\react-dom-client.development.js:18432:9)\n    at C:\\cwt\\p47-final-frontend-20260830\\node_modules\\react-dom\\cjs\\react-dom-client.development.js:17923:15\n    at flushActQueue (C:\\cwt\\p47-final-frontend-20260830\\node_modules\\react\\cjs\\react.development.js:590:34)\n    at Object.<anonymous>.process.env.NODE_ENV.exports.act (C:\\cwt\\p47-final-frontend-20260830\\node_modules\\react\\cjs\\react.development.js:884:10)\n    at C:\\cwt\\p47-final-frontend-20260830\\node_modules\\@testing-library\\react\\dist\\act-compat.js:46:25\n    at renderRoot (C:\\cwt\\p47-final-frontend-20260830\\node_modules\\@testing-library\\react\\dist\\pure.js:189:26)\n    at render (C:\\cwt\\p47-final-frontend-20260830\\node_modules\\@testing-library\\react\\dist\\pure.js:291:10)\n    at Object.<anonymous> (C:\\cwt\\p47-final-frontend-20260830\\app\\admin\\policies\\ai-security\\__tests__\\ai-security-page.test.tsx:160:11)\n    at Promise.then.completed (C:\\cwt\\p47-final-frontend-20260830\\node_modules\\jest-circus\\build\\utils.js:298:28)\n    at new Promise (<anonymous>)\n    at callAsyncCircusFn (C:\\cwt\\p47-final-frontend-20260830\\node_modules\\jest-circus\\build\\utils.js:231:10)\n    at _callCircusTest (C:\\cwt\\p47-final-frontend-20260830\\node_modules\\jest-circus\\build\\run.js:316:40)\n    at processTicksAndRejections (node:internal/process/task_queues:103:5)\n    at _runTest (C:\\cwt\\p47-final-frontend-20260830\\node_modules\\jest-circus\\build\\run.js:252:3)\n    at _runTestsForDescribeBlock (C:\\cwt\\p47-final-frontend-20260830\\node_modules\\jest-circus\\build\\run.js:126:9)\n    at _runTestsForDescribeBlock (C:\\cwt\\p47-final-frontend-20260830\\node_modules\\jest-circus\\build\\run.js:121:9)\n    at run (C:\\cwt\\p47-final-frontend-20260830\\node_modules\\jest-circus\\build\\run.js:71:3)\n    at runAndTransformResultsToJestFormat (C:\\cwt\\p47-final-frontend-20260830\\node_modules\\jest-circus\\build\\legacy-code-todo-rewrite\\jestAdapterInit.js:122:21)\n    at jestAdapter (C:\\cwt\\p47-final-frontend-20260830\\node_modules\\jest-circus\\build\\legacy-code-todo-rewrite\\jestAdapter.js:79:19)\n    at runTestInternal (C:\\cwt\\p47-final-frontend-20260830\\node_modules\\jest-runner\\build\\runTest.js:367:16)\n    at runTest (C:\\cwt\\p47-final-frontend-20260830\\node_modules\\jest-runner\\build\\runTest.js:444:34)\n    at Object.worker (C:\\cwt\\p47-final-frontend-20260830\\node_modules\\jest-runner\\build\\testWorker.js:106:12)"}}

    [0m [90m 52 |[39m     level [33m===[39m [32m"error"[39m [33m?[39m console[33m.[39merror [33m:[39m level [33m===[39m [32m"warn"[39m [33m?[39m console[33m.[39mwarn [33m:[39m console[33m.[39mlog
     [90m 53 |[39m
    [31m[1m>[22m[39m[90m 54 |[39m   consoleFn(output)
     [90m    |[39m   [31m[1m^[22m[39m
     [90m 55 |[39m }
     [90m 56 |[39m
     [90m 57 |[39m [36mexport[39m [36mconst[39m logger [33m=[39m {[0m

      at emit (lib/logger.ts:54:3)
      at Object.error (lib/logger.ts:68:5)
      at components/admin/enforced-authority-panel.tsx:203:14
      at components/admin/enforced-authority-panel.tsx:42:71
      at Object.<anonymous>.__awaiter (components/admin/enforced-authority-panel.tsx:38:12)
      at components/admin/enforced-authority-panel.tsx:189:45
      at components/admin/enforced-authority-panel.tsx:216:10
      at Object.react_stack_bottom_frame (node_modules/react-dom/cjs/react-dom-client.development.js:25989:20)
      at runWithFiberInDEV (node_modules/react-dom/cjs/react-dom-client.development.js:874:13)
      at commitHookEffectListMount (node_modules/react-dom/cjs/react-dom-client.development.js:13249:29)
      at commitHookPassiveMountEffects (node_modules/react-dom/cjs/react-dom-client.development.js:13336:11)
      at commitPassiveMountOnFiber (node_modules/react-dom/cjs/react-dom-client.development.js:15484:13)
      at recursivelyTraversePassiveMountEffects (node_modules/react-dom/cjs/react-dom-client.development.js:15439:11)
      at commitPassiveMountOnFiber (node_modules/react-dom/cjs/react-dom-client.development.js:15718:11)
      at recursivelyTraversePassiveMountEffects (node_modules/react-dom/cjs/react-dom-client.development.js:15439:11)
      at commitPassiveMountOnFiber (node_modules/react-dom/cjs/react-dom-client.development.js:15718:11)
      at recursivelyTraversePassiveMountEffects (node_modules/react-dom/cjs/react-dom-client.development.js:15439:11)
      at commitPassiveMountOnFiber (node_modules/react-dom/cjs/react-dom-client.development.js:15476:11)
      at recursivelyTraversePassiveMountEffects (node_modules/react-dom/cjs/react-dom-client.development.js:15439:11)
      at commitPassiveMountOnFiber (node_modules/react-dom/cjs/react-dom-client.development.js:15476:11)
      at recursivelyTraversePassiveMountEffects (node_modules/react-dom/cjs/react-dom-client.development.js:15439:11)
      at commitPassiveMountOnFiber (node_modules/react-dom/cjs/react-dom-client.development.js:15519:11)
      at flushPassiveEffects (node_modules/react-dom/cjs/react-dom-client.development.js:18432:9)
      at node_modules/react-dom/cjs/react-dom-client.development.js:17923:15
      at flushActQueue (node_modules/react/cjs/react.development.js:590:34)
      at Object.<anonymous>.process.env.NODE_ENV.exports.act (node_modules/react/cjs/react.development.js:884:10)
      at node_modules/@testing-library/react/dist/act-compat.js:46:25
      at renderRoot (node_modules/@testing-library/react/dist/pure.js:189:26)
      at render (node_modules/@testing-library/react/dist/pure.js:291:10)
      at Object.<anonymous> (app/admin/policies/ai-security/__tests__/ai-security-page.test.tsx:160:11)

    console.error
      An update to PolicyLibraryPanel inside a test was not wrapped in act(...).
      
      When testing, code that causes React state updates should be wrapped into act(...):
      
      act(() => {
        /* fire events that update state */
      });
      /* assert on the output */
      
      This ensures that you're testing the behavior the user would see in the browser. Learn more at https://react.dev/link/wrap-tests-with-act

    [0m [90m 374 |[39m       } [36mcatch[39m (err[33m:[39m unknown) {
     [90m 375 |[39m         [36mif[39m (cancelled) [36mreturn[39m
    [31m[1m>[22m[39m[90m 376 |[39m         setSaved({
     [90m     |[39m         [31m[1m^[22m[39m
     [90m 377 |[39m           items[33m:[39m [36mnull[39m[33m,[39m
     [90m 378 |[39m           status[33m:[39m [36mnull[39m[33m,[39m
     [90m 379 |[39m           error[33m:[39m[0m

      at node_modules/react-dom/cjs/react-dom-client.development.js:18758:19
      at runWithFiberInDEV (node_modules/react-dom/cjs/react-dom-client.development.js:874:13)
      at warnIfUpdatesNotWrappedWithActDEV (node_modules/react-dom/cjs/react-dom-client.development.js:18757:9)
      at scheduleUpdateOnFiber (node_modules/react-dom/cjs/react-dom-client.development.js:16409:11)
      at dispatchSetStateInternal (node_modules/react-dom/cjs/react-dom-client.development.js:9170:13)
      at dispatchSetState (node_modules/react-dom/cjs/react-dom-client.development.js:9127:7)
      at components/admin/policy/policy-library-panel.tsx:376:9
          at Generator.throw (<anonymous>)
      at rejected (components/admin/policy/policy-library-panel.tsx:40:65)

    console.error
      {"timestamp":"2026-09-05T21:58:00.386Z","level":"error","message":"enforced authority read failed","error":{"name":"ReferenceError","message":"fetch is not defined","stack":"ReferenceError: fetch is not defined\n    at C:\\cwt\\p47-final-frontend-20260830\\components\\admin\\enforced-authority-panel.tsx:193:19\n    at Generator.next (<anonymous>)\n    at C:\\cwt\\p47-final-frontend-20260830\\components\\admin\\enforced-authority-panel.tsx:42:71\n    at new Promise (<anonymous>)\n    at Object.<anonymous>.__awaiter (C:\\cwt\\p47-final-frontend-20260830\\components\\admin\\enforced-authority-panel.tsx:38:12)\n    at C:\\cwt\\p47-final-frontend-20260830\\components\\admin\\enforced-authority-panel.tsx:189:45\n    at C:\\cwt\\p47-final-frontend-20260830\\components\\admin\\enforced-authority-panel.tsx:216:10\n    at Object.react_stack_bottom_frame (C:\\cwt\\p47-final-frontend-20260830\\node_modules\\react-dom\\cjs\\react-dom-client.development.js:25989:20)\n    at runWithFiberInDEV (C:\\cwt\\p47-final-frontend-20260830\\node_modules\\react-dom\\cjs\\react-dom-client.development.js:874:13)\n    at commitHookEffectListMount (C:\\cwt\\p47-final-frontend-20260830\\node_modules\\react-dom\\cjs\\react-dom-client.development.js:13249:29)\n    at commitHookPassiveMountEffects (C:\\cwt\\p47-final-frontend-20260830\\node_modules\\react-dom\\cjs\\react-dom-client.development.js:13336:11)\n    at commitPassiveMountOnFiber (C:\\cwt\\p47-final-frontend-20260830\\node_modules\\react-dom\\cjs\\react-dom-client.development.js:15484:13)\n    at recursivelyTraversePassiveMountEffects (C:\\cwt\\p47-final-frontend-20260830\\node_modules\\react-dom\\cjs\\react-dom-client.development.js:15439:11)\n    at commitPassiveMountOnFiber (C:\\cwt\\p47-final-frontend-20260830\\node_modules\\react-dom\\cjs\\react-dom-client.development.js:15718:11)\n    at recursivelyTraversePassiveMountEffects (C:\\cwt\\p47-final-frontend-20260830\\node_modules\\react-dom\\cjs\\react-dom-client.development.js:15439:11)\n    at commitPassiveMountOnFiber (C:\\cwt\\p47-final-frontend-20260830\\node_modules\\react-dom\\cjs\\react-dom-client.development.js:15718:11)\n    at recursivelyTraversePassiveMountEffects (C:\\cwt\\p47-final-frontend-20260830\\node_modules\\react-dom\\cjs\\react-dom-client.development.js:15439:11)\n    at commitPassiveMountOnFiber (C:\\cwt\\p47-final-frontend-20260830\\node_modules\\react-dom\\cjs\\react-dom-client.development.js:15476:11)\n    at recursivelyTraversePassiveMountEffects (C:\\cwt\\p47-final-frontend-20260830\\node_modules\\react-dom\\cjs\\react-dom-client.development.js:15439:11)\n    at commitPassiveMountOnFiber (C:\\cwt\\p47-final-frontend-20260830\\node_modules\\react-dom\\cjs\\react-dom-client.development.js:15476:11)\n    at recursivelyTraversePassiveMountEffects (C:\\cwt\\p47-final-frontend-20260830\\node_modules\\react-dom\\cjs\\react-dom-client.development.js:15439:11)\n    at commitPassiveMountOnFiber (C:\\cwt\\p47-final-frontend-20260830\\node_modules\\react-dom\\cjs\\react-dom-client.development.js:15519:11)\n    at flushPassiveEffects (C:\\cwt\\p47-final-frontend-20260830\\node_modules\\react-dom\\cjs\\react-dom-client.development.js:18432:9)\n    at C:\\cwt\\p47-final-frontend-20260830\\node_modules\\react-dom\\cjs\\react-dom-client.development.js:17923:15\n    at flushActQueue (C:\\cwt\\p47-final-frontend-20260830\\node_modules\\react\\cjs\\react.development.js:590:34)\n    at Object.<anonymous>.process.env.NODE_ENV.exports.act (C:\\cwt\\p47-final-frontend-20260830\\node_modules\\react\\cjs\\react.development.js:884:10)\n    at C:\\cwt\\p47-final-frontend-20260830\\node_modules\\@testing-library\\react\\dist\\act-compat.js:46:25\n    at renderRoot (C:\\cwt\\p47-final-frontend-20260830\\node_modules\\@testing-library\\react\\dist\\pure.js:189:26)\n    at render (C:\\cwt\\p47-final-frontend-20260830\\node_modules\\@testing-library\\react\\dist\\pure.js:291:10)\n    at Object.<anonymous> (C:\\cwt\\p47-final-frontend-20260830\\app\\admin\\policies\\ai-security\\__tests__\\ai-security-page.test.tsx:176:11)\n    at Promise.then.completed (C:\\cwt\\p47-final-frontend-20260830\\node_modules\\jest-circus\\build\\utils.js:298:28)\n    at new Promise (<anonymous>)\n    at callAsyncCircusFn (C:\\cwt\\p47-final-frontend-20260830\\node_modules\\jest-circus\\build\\utils.js:231:10)\n    at _callCircusTest (C:\\cwt\\p47-final-frontend-20260830\\node_modules\\jest-circus\\build\\run.js:316:40)\n    at processTicksAndRejections (node:internal/process/task_queues:103:5)\n    at _runTest (C:\\cwt\\p47-final-frontend-20260830\\node_modules\\jest-circus\\build\\run.js:252:3)\n    at _runTestsForDescribeBlock (C:\\cwt\\p47-final-frontend-20260830\\node_modules\\jest-circus\\build\\run.js:126:9)\n    at _runTestsForDescribeBlock (C:\\cwt\\p47-final-frontend-20260830\\node_modules\\jest-circus\\build\\run.js:121:9)\n    at run (C:\\cwt\\p47-final-frontend-20260830\\node_modules\\jest-circus\\build\\run.js:71:3)\n    at runAndTransformResultsToJestFormat (C:\\cwt\\p47-final-frontend-20260830\\node_modules\\jest-circus\\build\\legacy-code-todo-rewrite\\jestAdapterInit.js:122:21)\n    at jestAdapter (C:\\cwt\\p47-final-frontend-20260830\\node_modules\\jest-circus\\build\\legacy-code-todo-rewrite\\jestAdapter.js:79:19)\n    at runTestInternal (C:\\cwt\\p47-final-frontend-20260830\\node_modules\\jest-runner\\build\\runTest.js:367:16)\n    at runTest (C:\\cwt\\p47-final-frontend-20260830\\node_modules\\jest-runner\\build\\runTest.js:444:34)\n    at Object.worker (C:\\cwt\\p47-final-frontend-20260830\\node_modules\\jest-runner\\build\\testWorker.js:106:12)"}}

    [0m [90m 52 |[39m     level [33m===[39m [32m"error"[39m [33m?[39m console[33m.[39merror [33m:[39m level [33m===[39m [32m"warn"[39m [33m?[39m console[33m.[39mwarn [33m:[39m console[33m.[39mlog
     [90m 53 |[39m
    [31m[1m>[22m[39m[90m 54 |[39m   consoleFn(output)
     [90m    |[39m   [31m[1m^[22m[39m
     [90m 55 |[39m }
     [90m 56 |[39m
     [90m 57 |[39m [36mexport[39m [36mconst[39m logger [33m=[39m {[0m

      at emit (lib/logger.ts:54:3)
      at Object.error (lib/logger.ts:68:5)
      at components/admin/enforced-authority-panel.tsx:203:14
      at components/admin/enforced-authority-panel.tsx:42:71
      at Object.<anonymous>.__awaiter (components/admin/enforced-authority-panel.tsx:38:12)
      at components/admin/enforced-authority-panel.tsx:189:45
      at components/admin/enforced-authority-panel.tsx:216:10
      at Object.react_stack_bottom_frame (node_modules/react-dom/cjs/react-dom-client.development.js:25989:20)
      at runWithFiberInDEV (node_modules/react-dom/cjs/react-dom-client.development.js:874:13)
      at commitHookEffectListMount (node_modules/react-dom/cjs/react-dom-client.development.js:13249:29)
      at commitHookPassiveMountEffects (node_modules/react-dom/cjs/react-dom-client.development.js:13336:11)
      at commitPassiveMountOnFiber (node_modules/react-dom/cjs/react-dom-client.development.js:15484:13)
      at recursivelyTraversePassiveMountEffects (node_modules/react-dom/cjs/react-dom-client.development.js:15439:11)
      at commitPassiveMountOnFiber (node_modules/react-dom/cjs/react-dom-client.development.js:15718:11)
      at recursivelyTraversePassiveMountEffects (node_modules/react-dom/cjs/react-dom-client.development.js:15439:11)
      at commitPassiveMountOnFiber (node_modules/react-dom/cjs/react-dom-client.development.js:15718:11)
      at recursivelyTraversePassiveMountEffects (node_modules/react-dom/cjs/react-dom-client.development.js:15439:11)
      at commitPassiveMountOnFiber (node_modules/react-dom/cjs/react-dom-client.development.js:15476:11)
      at recursivelyTraversePassiveMountEffects (node_modules/react-dom/cjs/react-dom-client.development.js:15439:11)
      at commitPassiveMountOnFiber (node_modules/react-dom/cjs/react-dom-client.development.js:15476:11)
      at recursivelyTraversePassiveMountEffects (node_modules/react-dom/cjs/react-dom-client.development.js:15439:11)
      at commitPassiveMountOnFiber (node_modules/react-dom/cjs/react-dom-client.development.js:15519:11)
      at flushPassiveEffects (node_modules/react-dom/cjs/react-dom-client.development.js:18432:9)
      at node_modules/react-dom/cjs/react-dom-client.development.js:17923:15
      at flushActQueue (node_modules/react/cjs/react.development.js:590:34)
      at Object.<anonymous>.process.env.NODE_ENV.exports.act (node_modules/react/cjs/react.development.js:884:10)
      at node_modules/@testing-library/react/dist/act-compat.js:46:25
      at renderRoot (node_modules/@testing-library/react/dist/pure.js:189:26)
      at render (node_modules/@testing-library/react/dist/pure.js:291:10)
      at Object.<anonymous> (app/admin/policies/ai-security/__tests__/ai-security-page.test.tsx:176:11)

    console.error
      {"timestamp":"2026-09-05T21:58:00.424Z","level":"error","message":"enforced authority read failed","error":{"name":"ReferenceError","message":"fetch is not defined","stack":"ReferenceError: fetch is not defined\n    at C:\\cwt\\p47-final-frontend-20260830\\components\\admin\\enforced-authority-panel.tsx:193:19\n    at Generator.next (<anonymous>)\n    at C:\\cwt\\p47-final-frontend-20260830\\components\\admin\\enforced-authority-panel.tsx:42:71\n    at new Promise (<anonymous>)\n    at Object.<anonymous>.__awaiter (C:\\cwt\\p47-final-frontend-20260830\\components\\admin\\enforced-authority-panel.tsx:38:12)\n    at C:\\cwt\\p47-final-frontend-20260830\\components\\admin\\enforced-authority-panel.tsx:189:45\n    at C:\\cwt\\p47-final-frontend-20260830\\components\\admin\\enforced-authority-panel.tsx:216:10\n    at Object.react_stack_bottom_frame (C:\\cwt\\p47-final-frontend-20260830\\node_modules\\react-dom\\cjs\\react-dom-client.development.js:25989:20)\n    at runWithFiberInDEV (C:\\cwt\\p47-final-frontend-20260830\\node_modules\\react-dom\\cjs\\react-dom-client.development.js:874:13)\n    at commitHookEffectListMount (C:\\cwt\\p47-final-frontend-20260830\\node_modules\\react-dom\\cjs\\react-dom-client.development.js:13249:29)\n    at commitHookPassiveMountEffects (C:\\cwt\\p47-final-frontend-20260830\\node_modules\\react-dom\\cjs\\react-dom-client.development.js:13336:11)\n    at commitPassiveMountOnFiber (C:\\cwt\\p47-final-frontend-20260830\\node_modules\\react-dom\\cjs\\react-dom-client.development.js:15484:13)\n    at recursivelyTraversePassiveMountEffects (C:\\cwt\\p47-final-frontend-20260830\\node_modules\\react-dom\\cjs\\react-dom-client.development.js:15439:11)\n    at commitPassiveMountOnFiber (C:\\cwt\\p47-final-frontend-20260830\\node_modules\\react-dom\\cjs\\react-dom-client.development.js:15718:11)\n    at recursivelyTraversePassiveMountEffects (C:\\cwt\\p47-final-frontend-20260830\\node_modules\\react-dom\\cjs\\react-dom-client.development.js:15439:11)\n    at commitPassiveMountOnFiber (C:\\cwt\\p47-final-frontend-20260830\\node_modules\\react-dom\\cjs\\react-dom-client.development.js:15718:11)\n    at recursivelyTraversePassiveMountEffects (C:\\cwt\\p47-final-frontend-20260830\\node_modules\\react-dom\\cjs\\react-dom-client.development.js:15439:11)\n    at commitPassiveMountOnFiber (C:\\cwt\\p47-final-frontend-20260830\\node_modules\\react-dom\\cjs\\react-dom-client.development.js:15476:11)\n    at recursivelyTraversePassiveMountEffects (C:\\cwt\\p47-final-frontend-20260830\\node_modules\\react-dom\\cjs\\react-dom-client.development.js:15439:11)\n    at commitPassiveMountOnFiber (C:\\cwt\\p47-final-frontend-20260830\\node_modules\\react-dom\\cjs\\react-dom-client.development.js:15476:11)\n    at recursivelyTraversePassiveMountEffects (C:\\cwt\\p47-final-frontend-20260830\\node_modules\\react-dom\\cjs\\react-dom-client.development.js:15439:11)\n    at commitPassiveMountOnFiber (C:\\cwt\\p47-final-frontend-20260830\\node_modules\\react-dom\\cjs\\react-dom-client.development.js:15519:11)\n    at flushPassiveEffects (C:\\cwt\\p47-final-frontend-20260830\\node_modules\\react-dom\\cjs\\react-dom-client.development.js:18432:9)\n    at C:\\cwt\\p47-final-frontend-20260830\\node_modules\\react-dom\\cjs\\react-dom-client.development.js:17923:15\n    at flushActQueue (C:\\cwt\\p47-final-frontend-20260830\\node_modules\\react\\cjs\\react.development.js:590:34)\n    at Object.<anonymous>.process.env.NODE_ENV.exports.act (C:\\cwt\\p47-final-frontend-20260830\\node_modules\\react\\cjs\\react.development.js:884:10)\n    at C:\\cwt\\p47-final-frontend-20260830\\node_modules\\@testing-library\\react\\dist\\act-compat.js:46:25\n    at renderRoot (C:\\cwt\\p47-final-frontend-20260830\\node_modules\\@testing-library\\react\\dist\\pure.js:189:26)\n    at render (C:\\cwt\\p47-final-frontend-20260830\\node_modules\\@testing-library\\react\\dist\\pure.js:291:10)\n    at Object.<anonymous> (C:\\cwt\\p47-final-frontend-20260830\\app\\admin\\policies\\ai-security\\__tests__\\ai-security-page.test.tsx:188:11)\n    at Promise.then.completed (C:\\cwt\\p47-final-frontend-20260830\\node_modules\\jest-circus\\build\\utils.js:298:28)\n    at new Promise (<anonymous>)\n    at callAsyncCircusFn (C:\\cwt\\p47-final-frontend-20260830\\node_modules\\jest-circus\\build\\utils.js:231:10)\n    at _callCircusTest (C:\\cwt\\p47-final-frontend-20260830\\node_modules\\jest-circus\\build\\run.js:316:40)\n    at processTicksAndRejections (node:internal/process/task_queues:103:5)\n    at _runTest (C:\\cwt\\p47-final-frontend-20260830\\node_modules\\jest-circus\\build\\run.js:252:3)\n    at _runTestsForDescribeBlock (C:\\cwt\\p47-final-frontend-20260830\\node_modules\\jest-circus\\build\\run.js:126:9)\n    at _runTestsForDescribeBlock (C:\\cwt\\p47-final-frontend-20260830\\node_modules\\jest-circus\\build\\run.js:121:9)\n    at run (C:\\cwt\\p47-final-frontend-20260830\\node_modules\\jest-circus\\build\\run.js:71:3)\n    at runAndTransformResultsToJestFormat (C:\\cwt\\p47-final-frontend-20260830\\node_modules\\jest-circus\\build\\legacy-code-todo-rewrite\\jestAdapterInit.js:122:21)\n    at jestAdapter (C:\\cwt\\p47-final-frontend-20260830\\node_modules\\jest-circus\\build\\legacy-code-todo-rewrite\\jestAdapter.js:79:19)\n    at runTestInternal (C:\\cwt\\p47-final-frontend-20260830\\node_modules\\jest-runner\\build\\runTest.js:367:16)\n    at runTest (C:\\cwt\\p47-final-frontend-20260830\\node_modules\\jest-runner\\build\\runTest.js:444:34)\n    at Object.worker (C:\\cwt\\p47-final-frontend-20260830\\node_modules\\jest-runner\\build\\testWorker.js:106:12)"}}

    [0m [90m 52 |[39m     level [33m===[39m [32m"error"[39m [33m?[39m console[33m.[39merror [33m:[39m level [33m===[39m [32m"warn"[39m [33m?[39m console[33m.[39mwarn [33m:[39m console[33m.[39mlog
     [90m 53 |[39m
    [31m[1m>[22m[39m[90m 54 |[39m   consoleFn(output)
     [90m    |[39m   [31m[1m^[22m[39m
     [90m 55 |[39m }
     [90m 56 |[39m
     [90m 57 |[39m [36mexport[39m [36mconst[39m logger [33m=[39m {[0m

      at emit (lib/logger.ts:54:3)
      at Object.error (lib/logger.ts:68:5)
      at components/admin/enforced-authority-panel.tsx:203:14
      at components/admin/enforced-authority-panel.tsx:42:71
      at Object.<anonymous>.__awaiter (components/admin/enforced-authority-panel.tsx:38:12)
      at components/admin/enforced-authority-panel.tsx:189:45
      at components/admin/enforced-authority-panel.tsx:216:10
      at Object.react_stack_bottom_frame (node_modules/react-dom/cjs/react-dom-client.development.js:25989:20)
      at runWithFiberInDEV (node_modules/react-dom/cjs/react-dom-client.development.js:874:13)
      at commitHookEffectListMount (node_modules/react-dom/cjs/react-dom-client.development.js:13249:29)
      at commitHookPassiveMountEffects (node_modules/react-dom/cjs/react-dom-client.development.js:13336:11)
      at commitPassiveMountOnFiber (node_modules/react-dom/cjs/react-dom-client.development.js:15484:13)
      at recursivelyTraversePassiveMountEffects (node_modules/react-dom/cjs/react-dom-client.development.js:15439:11)
      at commitPassiveMountOnFiber (node_modules/react-dom/cjs/react-dom-client.development.js:15718:11)
      at recursivelyTraversePassiveMountEffects (node_modules/react-dom/cjs/react-dom-client.development.js:15439:11)
      at commitPassiveMountOnFiber (node_modules/react-dom/cjs/react-dom-client.development.js:15718:11)
      at recursivelyTraversePassiveMountEffects (node_modules/react-dom/cjs/react-dom-client.development.js:15439:11)
      at commitPassiveMountOnFiber (node_modules/react-dom/cjs/react-dom-client.development.js:15476:11)
      at recursivelyTraversePassiveMountEffects (node_modules/react-dom/cjs/react-dom-client.development.js:15439:11)
      at commitPassiveMountOnFiber (node_modules/react-dom/cjs/react-dom-client.development.js:15476:11)
      at recursivelyTraversePassiveMountEffects (node_modules/react-dom/cjs/react-dom-client.development.js:15439:11)
      at commitPassiveMountOnFiber (node_modules/react-dom/cjs/react-dom-client.development.js:15519:11)
      at flushPassiveEffects (node_modules/react-dom/cjs/react-dom-client.development.js:18432:9)
      at node_modules/react-dom/cjs/react-dom-client.development.js:17923:15
      at flushActQueue (node_modules/react/cjs/react.development.js:590:34)
      at Object.<anonymous>.process.env.NODE_ENV.exports.act (node_modules/react/cjs/react.development.js:884:10)
      at node_modules/@testing-library/react/dist/act-compat.js:46:25
      at renderRoot (node_modules/@testing-library/react/dist/pure.js:189:26)
      at render (node_modules/@testing-library/react/dist/pure.js:291:10)
      at Object.<anonymous> (app/admin/policies/ai-security/__tests__/ai-security-page.test.tsx:188:11)

    console.error
      An update to PolicyLibraryPanel inside a test was not wrapped in act(...).
      
      When testing, code that causes React state updates should be wrapped into act(...):
      
      act(() => {
        /* fire events that update state */
      });
      /* assert on the output */
      
      This ensures that you're testing the behavior the user would see in the browser. Learn more at https://react.dev/link/wrap-tests-with-act

    [0m [90m 374 |[39m       } [36mcatch[39m (err[33m:[39m unknown) {
     [90m 375 |[39m         [36mif[39m (cancelled) [36mreturn[39m
    [31m[1m>[22m[39m[90m 376 |[39m         setSaved({
     [90m     |[39m         [31m[1m^[22m[39m
     [90m 377 |[39m           items[33m:[39m [36mnull[39m[33m,[39m
     [90m 378 |[39m           status[33m:[39m [36mnull[39m[33m,[39m
     [90m 379 |[39m           error[33m:[39m[0m

      at node_modules/react-dom/cjs/react-dom-client.development.js:18758:19
      at runWithFiberInDEV (node_modules/react-dom/cjs/react-dom-client.development.js:874:13)
      at warnIfUpdatesNotWrappedWithActDEV (node_modules/react-dom/cjs/react-dom-client.development.js:18757:9)
      at scheduleUpdateOnFiber (node_modules/react-dom/cjs/react-dom-client.development.js:16409:11)
      at dispatchSetStateInternal (node_modules/react-dom/cjs/react-dom-client.development.js:9170:13)
      at dispatchSetState (node_modules/react-dom/cjs/react-dom-client.development.js:9127:7)
      at components/admin/policy/policy-library-panel.tsx:376:9
          at Generator.throw (<anonymous>)
      at rejected (components/admin/policy/policy-library-panel.tsx:40:65)

    console.error
      {"timestamp":"2026-09-05T21:58:00.697Z","level":"error","message":"enforced authority read failed","error":{"name":"ReferenceError","message":"fetch is not defined","stack":"ReferenceError: fetch is not defined\n    at C:\\cwt\\p47-final-frontend-20260830\\components\\admin\\enforced-authority-panel.tsx:193:19\n    at Generator.next (<anonymous>)\n    at C:\\cwt\\p47-final-frontend-20260830\\components\\admin\\enforced-authority-panel.tsx:42:71\n    at new Promise (<anonymous>)\n    at Object.<anonymous>.__awaiter (C:\\cwt\\p47-final-frontend-20260830\\components\\admin\\enforced-authority-panel.tsx:38:12)\n    at C:\\cwt\\p47-final-frontend-20260830\\components\\admin\\enforced-authority-panel.tsx:189:45\n    at C:\\cwt\\p47-final-frontend-20260830\\components\\admin\\enforced-authority-panel.tsx:216:10\n    at Object.react_stack_bottom_frame (C:\\cwt\\p47-final-frontend-20260830\\node_modules\\react-dom\\cjs\\react-dom-client.development.js:25989:20)\n    at runWithFiberInDEV (C:\\cwt\\p47-final-frontend-20260830\\node_modules\\react-dom\\cjs\\react-dom-client.development.js:874:13)\n    at commitHookEffectListMount (C:\\cwt\\p47-final-frontend-20260830\\node_modules\\react-dom\\cjs\\react-dom-client.development.js:13249:29)\n    at commitHookPassiveMountEffects (C:\\cwt\\p47-final-frontend-20260830\\node_modules\\react-dom\\cjs\\react-dom-client.development.js:13336:11)\n    at commitPassiveMountOnFiber (C:\\cwt\\p47-final-frontend-20260830\\node_modules\\react-dom\\cjs\\react-dom-client.development.js:15484:13)\n    at recursivelyTraversePassiveMountEffects (C:\\cwt\\p47-final-frontend-20260830\\node_modules\\react-dom\\cjs\\react-dom-client.development.js:15439:11)\n    at commitPassiveMountOnFiber (C:\\cwt\\p47-final-frontend-20260830\\node_modules\\react-dom\\cjs\\react-dom-client.development.js:15718:11)\n    at recursivelyTraversePassiveMountEffects (C:\\cwt\\p47-final-frontend-20260830\\node_modules\\react-dom\\cjs\\react-dom-client.development.js:15439:11)\n    at commitPassiveMountOnFiber (C:\\cwt\\p47-final-frontend-20260830\\node_modules\\react-dom\\cjs\\react-dom-client.development.js:15718:11)\n    at recursivelyTraversePassiveMountEffects (C:\\cwt\\p47-final-frontend-20260830\\node_modules\\react-dom\\cjs\\react-dom-client.development.js:15439:11)\n    at commitPassiveMountOnFiber (C:\\cwt\\p47-final-frontend-20260830\\node_modules\\react-dom\\cjs\\react-dom-client.development.js:15476:11)\n    at recursivelyTraversePassiveMountEffects (C:\\cwt\\p47-final-frontend-20260830\\node_modules\\react-dom\\cjs\\react-dom-client.development.js:15439:11)\n    at commitPassiveMountOnFiber (C:\\cwt\\p47-final-frontend-20260830\\node_modules\\react-dom\\cjs\\react-dom-client.development.js:15476:11)\n    at recursivelyTraversePassiveMountEffects (C:\\cwt\\p47-final-frontend-20260830\\node_modules\\react-dom\\cjs\\react-dom-client.development.js:15439:11)\n    at commitPassiveMountOnFiber (C:\\cwt\\p47-final-frontend-20260830\\node_modules\\react-dom\\cjs\\react-dom-client.development.js:15519:11)\n    at flushPassiveEffects (C:\\cwt\\p47-final-frontend-20260830\\node_modules\\react-dom\\cjs\\react-dom-client.development.js:18432:9)\n    at C:\\cwt\\p47-final-frontend-20260830\\node_modules\\react-dom\\cjs\\react-dom-client.development.js:17923:15\n    at flushActQueue (C:\\cwt\\p47-final-frontend-20260830\\node_modules\\react\\cjs\\react.development.js:590:34)\n    at Object.<anonymous>.process.env.NODE_ENV.exports.act (C:\\cwt\\p47-final-frontend-20260830\\node_modules\\react\\cjs\\react.development.js:884:10)\n    at C:\\cwt\\p47-final-frontend-20260830\\node_modules\\@testing-library\\react\\dist\\act-compat.js:46:25\n    at renderRoot (C:\\cwt\\p47-final-frontend-20260830\\node_modules\\@testing-library\\react\\dist\\pure.js:189:26)\n    at render (C:\\cwt\\p47-final-frontend-20260830\\node_modules\\@testing-library\\react\\dist\\pure.js:291:10)\n    at Object.<anonymous> (C:\\cwt\\p47-final-frontend-20260830\\app\\admin\\policies\\ai-security\\__tests__\\ai-security-page.test.tsx:198:11)\n    at Promise.then.completed (C:\\cwt\\p47-final-frontend-20260830\\node_modules\\jest-circus\\build\\utils.js:298:28)\n    at new Promise (<anonymous>)\n    at callAsyncCircusFn (C:\\cwt\\p47-final-frontend-20260830\\node_modules\\jest-circus\\build\\utils.js:231:10)\n    at _callCircusTest (C:\\cwt\\p47-final-frontend-20260830\\node_modules\\jest-circus\\build\\run.js:316:40)\n    at processTicksAndRejections (node:internal/process/task_queues:103:5)\n    at _runTest (C:\\cwt\\p47-final-frontend-20260830\\node_modules\\jest-circus\\build\\run.js:252:3)\n    at _runTestsForDescribeBlock (C:\\cwt\\p47-final-frontend-20260830\\node_modules\\jest-circus\\build\\run.js:126:9)\n    at _runTestsForDescribeBlock (C:\\cwt\\p47-final-frontend-20260830\\node_modules\\jest-circus\\build\\run.js:121:9)\n    at run (C:\\cwt\\p47-final-frontend-20260830\\node_modules\\jest-circus\\build\\run.js:71:3)\n    at runAndTransformResultsToJestFormat (C:\\cwt\\p47-final-frontend-20260830\\node_modules\\jest-circus\\build\\legacy-code-todo-rewrite\\jestAdapterInit.js:122:21)\n    at jestAdapter (C:\\cwt\\p47-final-frontend-20260830\\node_modules\\jest-circus\\build\\legacy-code-todo-rewrite\\jestAdapter.js:79:19)\n    at runTestInternal (C:\\cwt\\p47-final-frontend-20260830\\node_modules\\jest-runner\\build\\runTest.js:367:16)\n    at runTest (C:\\cwt\\p47-final-frontend-20260830\\node_modules\\jest-runner\\build\\runTest.js:444:34)\n    at Object.worker (C:\\cwt\\p47-final-frontend-20260830\\node_modules\\jest-runner\\build\\testWorker.js:106:12)"}}

    [0m [90m 52 |[39m     level [33m===[39m [32m"error"[39m [33m?[39m console[33m.[39merror [33m:[39m level [33m===[39m [32m"warn"[39m [33m?[39m console[33m.[39mwarn [33m:[39m console[33m.[39mlog
     [90m 53 |[39m
    [31m[1m>[22m[39m[90m 54 |[39m   consoleFn(output)
     [90m    |[39m   [31m[1m^[22m[39m
     [90m 55 |[39m }
     [90m 56 |[39m
     [90m 57 |[39m [36mexport[39m [36mconst[39m logger [33m=[39m {[0m

      at emit (lib/logger.ts:54:3)
      at Object.error (lib/logger.ts:68:5)
      at components/admin/enforced-authority-panel.tsx:203:14
      at components/admin/enforced-authority-panel.tsx:42:71
      at Object.<anonymous>.__awaiter (components/admin/enforced-authority-panel.tsx:38:12)
      at components/admin/enforced-authority-panel.tsx:189:45
      at components/admin/enforced-authority-panel.tsx:216:10
      at Object.react_stack_bottom_frame (node_modules/react-dom/cjs/react-dom-client.development.js:25989:20)
      at runWithFiberInDEV (node_modules/react-dom/cjs/react-dom-client.development.js:874:13)
      at commitHookEffectListMount (node_modules/react-dom/cjs/react-dom-client.development.js:13249:29)
      at commitHookPassiveMountEffects (node_modules/react-dom/cjs/react-dom-client.development.js:13336:11)
      at commitPassiveMountOnFiber (node_modules/react-dom/cjs/react-dom-client.development.js:15484:13)
      at recursivelyTraversePassiveMountEffects (node_modules/react-dom/cjs/react-dom-client.development.js:15439:11)
      at commitPassiveMountOnFiber (node_modules/react-dom/cjs/react-dom-client.development.js:15718:11)
      at recursivelyTraversePassiveMountEffects (node_modules/react-dom/cjs/react-dom-client.development.js:15439:11)
      at commitPassiveMountOnFiber (node_modules/react-dom/cjs/react-dom-client.development.js:15718:11)
      at recursivelyTraversePassiveMountEffects (node_modules/react-dom/cjs/react-dom-client.development.js:15439:11)
      at commitPassiveMountOnFiber (node_modules/react-dom/cjs/react-dom-client.development.js:15476:11)
      at recursivelyTraversePassiveMountEffects (node_modules/react-dom/cjs/react-dom-client.development.js:15439:11)
      at commitPassiveMountOnFiber (node_modules/react-dom/cjs/react-dom-client.development.js:15476:11)
      at recursivelyTraversePassiveMountEffects (node_modules/react-dom/cjs/react-dom-client.development.js:15439:11)
      at commitPassiveMountOnFiber (node_modules/react-dom/cjs/react-dom-client.development.js:15519:11)
      at flushPassiveEffects (node_modules/react-dom/cjs/react-dom-client.development.js:18432:9)
      at node_modules/react-dom/cjs/react-dom-client.development.js:17923:15
      at flushActQueue (node_modules/react/cjs/react.development.js:590:34)
      at Object.<anonymous>.process.env.NODE_ENV.exports.act (node_modules/react/cjs/react.development.js:884:10)
      at node_modules/@testing-library/react/dist/act-compat.js:46:25
      at renderRoot (node_modules/@testing-library/react/dist/pure.js:189:26)
      at render (node_modules/@testing-library/react/dist/pure.js:291:10)
      at Object.<anonymous> (app/admin/policies/ai-security/__tests__/ai-security-page.test.tsx:198:11)

    console.error
      An update to PolicyLibraryPanel inside a test was not wrapped in act(...).
      
      When testing, code that causes React state updates should be wrapped into act(...):
      
      act(() => {
        /* fire events that update state */
      });
      /* assert on the output */
      
      This ensures that you're testing the behavior the user would see in the browser. Learn more at https://react.dev/link/wrap-tests-with-act

    [0m [90m 374 |[39m       } [36mcatch[39m (err[33m:[39m unknown) {
     [90m 375 |[39m         [36mif[39m (cancelled) [36mreturn[39m
    [31m[1m>[22m[39m[90m 376 |[39m         setSaved({
     [90m     |[39m         [31m[1m^[22m[39m
     [90m 377 |[39m           items[33m:[39m [36mnull[39m[33m,[39m
     [90m 378 |[39m           status[33m:[39m [36mnull[39m[33m,[39m
     [90m 379 |[39m           error[33m:[39m[0m

      at node_modules/react-dom/cjs/react-dom-client.development.js:18758:19
      at runWithFiberInDEV (node_modules/react-dom/cjs/react-dom-client.development.js:874:13)
      at warnIfUpdatesNotWrappedWithActDEV (node_modules/react-dom/cjs/react-dom-client.development.js:18757:9)
      at scheduleUpdateOnFiber (node_modules/react-dom/cjs/react-dom-client.development.js:16409:11)
      at dispatchSetStateInternal (node_modules/react-dom/cjs/react-dom-client.development.js:9170:13)
      at dispatchSetState (node_modules/react-dom/cjs/react-dom-client.development.js:9127:7)
      at components/admin/policy/policy-library-panel.tsx:376:9
          at Generator.throw (<anonymous>)
      at rejected (components/admin/policy/policy-library-panel.tsx:40:65)

    console.error
      {"timestamp":"2026-09-05T21:58:01.496Z","level":"error","message":"enforced authority read failed","error":{"name":"ReferenceError","message":"fetch is not defined","stack":"ReferenceError: fetch is not defined\n    at C:\\cwt\\p47-final-frontend-20260830\\components\\admin\\enforced-authority-panel.tsx:193:19\n    at Generator.next (<anonymous>)\n    at C:\\cwt\\p47-final-frontend-20260830\\components\\admin\\enforced-authority-panel.tsx:42:71\n    at new Promise (<anonymous>)\n    at Object.<anonymous>.__awaiter (C:\\cwt\\p47-final-frontend-20260830\\components\\admin\\enforced-authority-panel.tsx:38:12)\n    at C:\\cwt\\p47-final-frontend-20260830\\components\\admin\\enforced-authority-panel.tsx:189:45\n    at C:\\cwt\\p47-final-frontend-20260830\\components\\admin\\enforced-authority-panel.tsx:216:10\n    at Object.react_stack_bottom_frame (C:\\cwt\\p47-final-frontend-20260830\\node_modules\\react-dom\\cjs\\react-dom-client.development.js:25989:20)\n    at runWithFiberInDEV (C:\\cwt\\p47-final-frontend-20260830\\node_modules\\react-dom\\cjs\\react-dom-client.development.js:874:13)\n    at commitHookEffectListMount (C:\\cwt\\p47-final-frontend-20260830\\node_modules\\react-dom\\cjs\\react-dom-client.development.js:13249:29)\n    at commitHookPassiveMountEffects (C:\\cwt\\p47-final-frontend-20260830\\node_modules\\react-dom\\cjs\\react-dom-client.development.js:13336:11)\n    at commitPassiveMountOnFiber (C:\\cwt\\p47-final-frontend-20260830\\node_modules\\react-dom\\cjs\\react-dom-client.development.js:15484:13)\n    at recursivelyTraversePassiveMountEffects (C:\\cwt\\p47-final-frontend-20260830\\node_modules\\react-dom\\cjs\\react-dom-client.development.js:15439:11)\n    at commitPassiveMountOnFiber (C:\\cwt\\p47-final-frontend-20260830\\node_modules\\react-dom\\cjs\\react-dom-client.development.js:15718:11)\n    at recursivelyTraversePassiveMountEffects (C:\\cwt\\p47-final-frontend-20260830\\node_modules\\react-dom\\cjs\\react-dom-client.development.js:15439:11)\n    at commitPassiveMountOnFiber (C:\\cwt\\p47-final-frontend-20260830\\node_modules\\react-dom\\cjs\\react-dom-client.development.js:15718:11)\n    at recursivelyTraversePassiveMountEffects (C:\\cwt\\p47-final-frontend-20260830\\node_modules\\react-dom\\cjs\\react-dom-client.development.js:15439:11)\n    at commitPassiveMountOnFiber (C:\\cwt\\p47-final-frontend-20260830\\node_modules\\react-dom\\cjs\\react-dom-client.development.js:15476:11)\n    at recursivelyTraversePassiveMountEffects (C:\\cwt\\p47-final-frontend-20260830\\node_modules\\react-dom\\cjs\\react-dom-client.development.js:15439:11)\n    at commitPassiveMountOnFiber (C:\\cwt\\p47-final-frontend-20260830\\node_modules\\react-dom\\cjs\\react-dom-client.development.js:15476:11)\n    at recursivelyTraversePassiveMountEffects (C:\\cwt\\p47-final-frontend-20260830\\node_modules\\react-dom\\cjs\\react-dom-client.development.js:15439:11)\n    at commitPassiveMountOnFiber (C:\\cwt\\p47-final-frontend-20260830\\node_modules\\react-dom\\cjs\\react-dom-client.development.js:15519:11)\n    at flushPassiveEffects (C:\\cwt\\p47-final-frontend-20260830\\node_modules\\react-dom\\cjs\\react-dom-client.development.js:18432:9)\n    at C:\\cwt\\p47-final-frontend-20260830\\node_modules\\react-dom\\cjs\\react-dom-client.development.js:17923:15\n    at flushActQueue (C:\\cwt\\p47-final-frontend-20260830\\node_modules\\react\\cjs\\react.development.js:590:34)\n    at Object.<anonymous>.process.env.NODE_ENV.exports.act (C:\\cwt\\p47-final-frontend-20260830\\node_modules\\react\\cjs\\react.development.js:884:10)\n    at C:\\cwt\\p47-final-frontend-20260830\\node_modules\\@testing-library\\react\\dist\\act-compat.js:46:25\n    at renderRoot (C:\\cwt\\p47-final-frontend-20260830\\node_modules\\@testing-library\\react\\dist\\pure.js:189:26)\n    at render (C:\\cwt\\p47-final-frontend-20260830\\node_modules\\@testing-library\\react\\dist\\pure.js:291:10)\n    at Object.<anonymous> (C:\\cwt\\p47-final-frontend-20260830\\app\\admin\\policies\\ai-security\\__tests__\\ai-security-page.test.tsx:218:11)\n    at Promise.then.completed (C:\\cwt\\p47-final-frontend-20260830\\node_modules\\jest-circus\\build\\utils.js:298:28)\n    at new Promise (<anonymous>)\n    at callAsyncCircusFn (C:\\cwt\\p47-final-frontend-20260830\\node_modules\\jest-circus\\build\\utils.js:231:10)\n    at _callCircusTest (C:\\cwt\\p47-final-frontend-20260830\\node_modules\\jest-circus\\build\\run.js:316:40)\n    at processTicksAndRejections (node:internal/process/task_queues:103:5)\n    at _runTest (C:\\cwt\\p47-final-frontend-20260830\\node_modules\\jest-circus\\build\\run.js:252:3)\n    at _runTestsForDescribeBlock (C:\\cwt\\p47-final-frontend-20260830\\node_modules\\jest-circus\\build\\run.js:126:9)\n    at _runTestsForDescribeBlock (C:\\cwt\\p47-final-frontend-20260830\\node_modules\\jest-circus\\build\\run.js:121:9)\n    at run (C:\\cwt\\p47-final-frontend-20260830\\node_modules\\jest-circus\\build\\run.js:71:3)\n    at runAndTransformResultsToJestFormat (C:\\cwt\\p47-final-frontend-20260830\\node_modules\\jest-circus\\build\\legacy-code-todo-rewrite\\jestAdapterInit.js:122:21)\n    at jestAdapter (C:\\cwt\\p47-final-frontend-20260830\\node_modules\\jest-circus\\build\\legacy-code-todo-rewrite\\jestAdapter.js:79:19)\n    at runTestInternal (C:\\cwt\\p47-final-frontend-20260830\\node_modules\\jest-runner\\build\\runTest.js:367:16)\n    at runTest (C:\\cwt\\p47-final-frontend-20260830\\node_modules\\jest-runner\\build\\runTest.js:444:34)\n    at Object.worker (C:\\cwt\\p47-final-frontend-20260830\\node_modules\\jest-runner\\build\\testWorker.js:106:12)"}}

    [0m [90m 52 |[39m     level [33m===[39m [32m"error"[39m [33m?[39m console[33m.[39merror [33m:[39m level [33m===[39m [32m"warn"[39m [33m?[39m console[33m.[39mwarn [33m:[39m console[33m.[39mlog
     [90m 53 |[39m
    [31m[1m>[22m[39m[90m 54 |[39m   consoleFn(output)
     [90m    |[39m   [31m[1m^[22m[39m
     [90m 55 |[39m }
     [90m 56 |[39m
     [90m 57 |[39m [36mexport[39m [36mconst[39m logger [33m=[39m {[0m

      at emit (lib/logger.ts:54:3)
      at Object.error (lib/logger.ts:68:5)
      at components/admin/enforced-authority-panel.tsx:203:14
      at components/admin/enforced-authority-panel.tsx:42:71
      at Object.<anonymous>.__awaiter (components/admin/enforced-authority-panel.tsx:38:12)
      at components/admin/enforced-authority-panel.tsx:189:45
      at components/admin/enforced-authority-panel.tsx:216:10
      at Object.react_stack_bottom_frame (node_modules/react-dom/cjs/react-dom-client.development.js:25989:20)
      at runWithFiberInDEV (node_modules/react-dom/cjs/react-dom-client.development.js:874:13)
      at commitHookEffectListMount (node_modules/react-dom/cjs/react-dom-client.development.js:13249:29)
      at commitHookPassiveMountEffects (node_modules/react-dom/cjs/react-dom-client.development.js:13336:11)
      at commitPassiveMountOnFiber (node_modules/react-dom/cjs/react-dom-client.development.js:15484:13)
      at recursivelyTraversePassiveMountEffects (node_modules/react-dom/cjs/react-dom-client.development.js:15439:11)
      at commitPassiveMountOnFiber (node_modules/react-dom/cjs/react-dom-client.development.js:15718:11)
      at recursivelyTraversePassiveMountEffects (node_modules/react-dom/cjs/react-dom-client.development.js:15439:11)
      at commitPassiveMountOnFiber (node_modules/react-dom/cjs/react-dom-client.development.js:15718:11)
      at recursivelyTraversePassiveMountEffects (node_modules/react-dom/cjs/react-dom-client.development.js:15439:11)
      at commitPassiveMountOnFiber (node_modules/react-dom/cjs/react-dom-client.development.js:15476:11)
      at recursivelyTraversePassiveMountEffects (node_modules/react-dom/cjs/react-dom-client.development.js:15439:11)
      at commitPassiveMountOnFiber (node_modules/react-dom/cjs/react-dom-client.development.js:15476:11)
      at recursivelyTraversePassiveMountEffects (node_modules/react-dom/cjs/react-dom-client.development.js:15439:11)
      at commitPassiveMountOnFiber (node_modules/react-dom/cjs/react-dom-client.development.js:15519:11)
      at flushPassiveEffects (node_modules/react-dom/cjs/react-dom-client.development.js:18432:9)
      at node_modules/react-dom/cjs/react-dom-client.development.js:17923:15
      at flushActQueue (node_modules/react/cjs/react.development.js:590:34)
      at Object.<anonymous>.process.env.NODE_ENV.exports.act (node_modules/react/cjs/react.development.js:884:10)
      at node_modules/@testing-library/react/dist/act-compat.js:46:25
      at renderRoot (node_modules/@testing-library/react/dist/pure.js:189:26)
      at render (node_modules/@testing-library/react/dist/pure.js:291:10)
      at Object.<anonymous> (app/admin/policies/ai-security/__tests__/ai-security-page.test.tsx:218:11)

    console.error
      An update to PolicyLibraryPanel inside a test was not wrapped in act(...).
      
      When testing, code that causes React state updates should be wrapped into act(...):
      
      act(() => {
        /* fire events that update state */
      });
      /* assert on the output */
      
      This ensures that you're testing the behavior the user would see in the browser. Learn more at https://react.dev/link/wrap-tests-with-act

    [0m [90m 374 |[39m       } [36mcatch[39m (err[33m:[39m unknown) {
     [90m 375 |[39m         [36mif[39m (cancelled) [36mreturn[39m
    [31m[1m>[22m[39m[90m 376 |[39m         setSaved({
     [90m     |[39m         [31m[1m^[22m[39m
     [90m 377 |[39m           items[33m:[39m [36mnull[39m[33m,[39m
     [90m 378 |[39m           status[33m:[39m [36mnull[39m[33m,[39m
     [90m 379 |[39m           error[33m:[39m[0m

      at node_modules/react-dom/cjs/react-dom-client.development.js:18758:19
      at runWithFiberInDEV (node_modules/react-dom/cjs/react-dom-client.development.js:874:13)
      at warnIfUpdatesNotWrappedWithActDEV (node_modules/react-dom/cjs/react-dom-client.development.js:18757:9)
      at scheduleUpdateOnFiber (node_modules/react-dom/cjs/react-dom-client.development.js:16409:11)
      at dispatchSetStateInternal (node_modules/react-dom/cjs/react-dom-client.development.js:9170:13)
      at dispatchSetState (node_modules/react-dom/cjs/react-dom-client.development.js:9127:7)
      at components/admin/policy/policy-library-panel.tsx:376:9
          at Generator.throw (<anonymous>)
      at rejected (components/admin/policy/policy-library-panel.tsx:40:65)

    console.error
      {"timestamp":"2026-09-05T21:58:01.652Z","level":"error","message":"enforced authority read failed","error":{"name":"ReferenceError","message":"fetch is not defined","stack":"ReferenceError: fetch is not defined\n    at C:\\cwt\\p47-final-frontend-20260830\\components\\admin\\enforced-authority-panel.tsx:193:19\n    at Generator.next (<anonymous>)\n    at C:\\cwt\\p47-final-frontend-20260830\\components\\admin\\enforced-authority-panel.tsx:42:71\n    at new Promise (<anonymous>)\n    at Object.<anonymous>.__awaiter (C:\\cwt\\p47-final-frontend-20260830\\components\\admin\\enforced-authority-panel.tsx:38:12)\n    at C:\\cwt\\p47-final-frontend-20260830\\components\\admin\\enforced-authority-panel.tsx:189:45\n    at C:\\cwt\\p47-final-frontend-20260830\\components\\admin\\enforced-authority-panel.tsx:216:10\n    at Object.react_stack_bottom_frame (C:\\cwt\\p47-final-frontend-20260830\\node_modules\\react-dom\\cjs\\react-dom-client.development.js:25989:20)\n    at runWithFiberInDEV (C:\\cwt\\p47-final-frontend-20260830\\node_modules\\react-dom\\cjs\\react-dom-client.development.js:874:13)\n    at commitHookEffectListMount (C:\\cwt\\p47-final-frontend-20260830\\node_modules\\react-dom\\cjs\\react-dom-client.development.js:13249:29)\n    at commitHookPassiveMountEffects (C:\\cwt\\p47-final-frontend-20260830\\node_modules\\react-dom\\cjs\\react-dom-client.development.js:13336:11)\n    at commitPassiveMountOnFiber (C:\\cwt\\p47-final-frontend-20260830\\node_modules\\react-dom\\cjs\\react-dom-client.development.js:15484:13)\n    at recursivelyTraversePassiveMountEffects (C:\\cwt\\p47-final-frontend-20260830\\node_modules\\react-dom\\cjs\\react-dom-client.development.js:15439:11)\n    at commitPassiveMountOnFiber (C:\\cwt\\p47-final-frontend-20260830\\node_modules\\react-dom\\cjs\\react-dom-client.development.js:15718:11)\n    at recursivelyTraversePassiveMountEffects (C:\\cwt\\p47-final-frontend-20260830\\node_modules\\react-dom\\cjs\\react-dom-client.development.js:15439:11)\n    at commitPassiveMountOnFiber (C:\\cwt\\p47-final-frontend-20260830\\node_modules\\react-dom\\cjs\\react-dom-client.development.js:15718:11)\n    at recursivelyTraversePassiveMountEffects (C:\\cwt\\p47-final-frontend-20260830\\node_modules\\react-dom\\cjs\\react-dom-client.development.js:15439:11)\n    at commitPassiveMountOnFiber (C:\\cwt\\p47-final-frontend-20260830\\node_modules\\react-dom\\cjs\\react-dom-client.development.js:15476:11)\n    at recursivelyTraversePassiveMountEffects (C:\\cwt\\p47-final-frontend-20260830\\node_modules\\react-dom\\cjs\\react-dom-client.development.js:15439:11)\n    at commitPassiveMountOnFiber (C:\\cwt\\p47-final-frontend-20260830\\node_modules\\react-dom\\cjs\\react-dom-client.development.js:15476:11)\n    at recursivelyTraversePassiveMountEffects (C:\\cwt\\p47-final-frontend-20260830\\node_modules\\react-dom\\cjs\\react-dom-client.development.js:15439:11)\n    at commitPassiveMountOnFiber (C:\\cwt\\p47-final-frontend-20260830\\node_modules\\react-dom\\cjs\\react-dom-client.development.js:15519:11)\n    at flushPassiveEffects (C:\\cwt\\p47-final-frontend-20260830\\node_modules\\react-dom\\cjs\\react-dom-client.development.js:18432:9)\n    at C:\\cwt\\p47-final-frontend-20260830\\node_modules\\react-dom\\cjs\\react-dom-client.development.js:17923:15\n    at flushActQueue (C:\\cwt\\p47-final-frontend-20260830\\node_modules\\react\\cjs\\react.development.js:590:34)\n    at Object.<anonymous>.process.env.NODE_ENV.exports.act (C:\\cwt\\p47-final-frontend-20260830\\node_modules\\react\\cjs\\react.development.js:884:10)\n    at C:\\cwt\\p47-final-frontend-20260830\\node_modules\\@testing-library\\react\\dist\\act-compat.js:46:25\n    at renderRoot (C:\\cwt\\p47-final-frontend-20260830\\node_modules\\@testing-library\\react\\dist\\pure.js:189:26)\n    at render (C:\\cwt\\p47-final-frontend-20260830\\node_modules\\@testing-library\\react\\dist\\pure.js:291:10)\n    at Object.<anonymous> (C:\\cwt\\p47-final-frontend-20260830\\app\\admin\\policies\\ai-security\\__tests__\\ai-security-page.test.tsx:224:11)\n    at Promise.then.completed (C:\\cwt\\p47-final-frontend-20260830\\node_modules\\jest-circus\\build\\utils.js:298:28)\n    at new Promise (<anonymous>)\n    at callAsyncCircusFn (C:\\cwt\\p47-final-frontend-20260830\\node_modules\\jest-circus\\build\\utils.js:231:10)\n    at _callCircusTest (C:\\cwt\\p47-final-frontend-20260830\\node_modules\\jest-circus\\build\\run.js:316:40)\n    at processTicksAndRejections (node:internal/process/task_queues:103:5)\n    at _runTest (C:\\cwt\\p47-final-frontend-20260830\\node_modules\\jest-circus\\build\\run.js:252:3)\n    at _runTestsForDescribeBlock (C:\\cwt\\p47-final-frontend-20260830\\node_modules\\jest-circus\\build\\run.js:126:9)\n    at _runTestsForDescribeBlock (C:\\cwt\\p47-final-frontend-20260830\\node_modules\\jest-circus\\build\\run.js:121:9)\n    at run (C:\\cwt\\p47-final-frontend-20260830\\node_modules\\jest-circus\\build\\run.js:71:3)\n    at runAndTransformResultsToJestFormat (C:\\cwt\\p47-final-frontend-20260830\\node_modules\\jest-circus\\build\\legacy-code-todo-rewrite\\jestAdapterInit.js:122:21)\n    at jestAdapter (C:\\cwt\\p47-final-frontend-20260830\\node_modules\\jest-circus\\build\\legacy-code-todo-rewrite\\jestAdapter.js:79:19)\n    at runTestInternal (C:\\cwt\\p47-final-frontend-20260830\\node_modules\\jest-runner\\build\\runTest.js:367:16)\n    at runTest (C:\\cwt\\p47-final-frontend-20260830\\node_modules\\jest-runner\\build\\runTest.js:444:34)\n    at Object.worker (C:\\cwt\\p47-final-frontend-20260830\\node_modules\\jest-runner\\build\\testWorker.js:106:12)"}}

    [0m [90m 52 |[39m     level [33m===[39m [32m"error"[39m [33m?[39m console[33m.[39merror [33m:[39m level [33m===[39m [32m"warn"[39m [33m?[39m console[33m.[39mwarn [33m:[39m console[33m.[39mlog
     [90m 53 |[39m
    [31m[1m>[22m[39m[90m 54 |[39m   consoleFn(output)
     [90m    |[39m   [31m[1m^[22m[39m
     [90m 55 |[39m }
     [90m 56 |[39m
     [90m 57 |[39m [36mexport[39m [36mconst[39m logger [33m=[39m {[0m

      at emit (lib/logger.ts:54:3)
      at Object.error (lib/logger.ts:68:5)
      at components/admin/enforced-authority-panel.tsx:203:14
      at components/admin/enforced-authority-panel.tsx:42:71
      at Object.<anonymous>.__awaiter (components/admin/enforced-authority-panel.tsx:38:12)
      at components/admin/enforced-authority-panel.tsx:189:45
      at components/admin/enforced-authority-panel.tsx:216:10
      at Object.react_stack_bottom_frame (node_modules/react-dom/cjs/react-dom-client.development.js:25989:20)
      at runWithFiberInDEV (node_modules/react-dom/cjs/react-dom-client.development.js:874:13)
      at commitHookEffectListMount (node_modules/react-dom/cjs/react-dom-client.development.js:13249:29)
      at commitHookPassiveMountEffects (node_modules/react-dom/cjs/react-dom-client.development.js:13336:11)
      at commitPassiveMountOnFiber (node_modules/react-dom/cjs/react-dom-client.development.js:15484:13)
      at recursivelyTraversePassiveMountEffects (node_modules/react-dom/cjs/react-dom-client.development.js:15439:11)
      at commitPassiveMountOnFiber (node_modules/react-dom/cjs/react-dom-client.development.js:15718:11)
      at recursivelyTraversePassiveMountEffects (node_modules/react-dom/cjs/react-dom-client.development.js:15439:11)
      at commitPassiveMountOnFiber (node_modules/react-dom/cjs/react-dom-client.development.js:15718:11)
      at recursivelyTraversePassiveMountEffects (node_modules/react-dom/cjs/react-dom-client.development.js:15439:11)
      at commitPassiveMountOnFiber (node_modules/react-dom/cjs/react-dom-client.development.js:15476:11)
      at recursivelyTraversePassiveMountEffects (node_modules/react-dom/cjs/react-dom-client.development.js:15439:11)
      at commitPassiveMountOnFiber (node_modules/react-dom/cjs/react-dom-client.development.js:15476:11)
      at recursivelyTraversePassiveMountEffects (node_modules/react-dom/cjs/react-dom-client.development.js:15439:11)
      at commitPassiveMountOnFiber (node_modules/react-dom/cjs/react-dom-client.development.js:15519:11)
      at flushPassiveEffects (node_modules/react-dom/cjs/react-dom-client.development.js:18432:9)
      at node_modules/react-dom/cjs/react-dom-client.development.js:17923:15
      at flushActQueue (node_modules/react/cjs/react.development.js:590:34)
      at Object.<anonymous>.process.env.NODE_ENV.exports.act (node_modules/react/cjs/react.development.js:884:10)
      at node_modules/@testing-library/react/dist/act-compat.js:46:25
      at renderRoot (node_modules/@testing-library/react/dist/pure.js:189:26)
      at render (node_modules/@testing-library/react/dist/pure.js:291:10)
      at Object.<anonymous> (app/admin/policies/ai-security/__tests__/ai-security-page.test.tsx:224:11)

    console.error
      {"timestamp":"2026-09-05T21:58:01.698Z","level":"error","message":"enforced authority read failed","error":{"name":"ReferenceError","message":"fetch is not defined","stack":"ReferenceError: fetch is not defined\n    at C:\\cwt\\p47-final-frontend-20260830\\components\\admin\\enforced-authority-panel.tsx:193:19\n    at Generator.next (<anonymous>)\n    at C:\\cwt\\p47-final-frontend-20260830\\components\\admin\\enforced-authority-panel.tsx:42:71\n    at new Promise (<anonymous>)\n    at Object.<anonymous>.__awaiter (C:\\cwt\\p47-final-frontend-20260830\\components\\admin\\enforced-authority-panel.tsx:38:12)\n    at C:\\cwt\\p47-final-frontend-20260830\\components\\admin\\enforced-authority-panel.tsx:189:45\n    at C:\\cwt\\p47-final-frontend-20260830\\components\\admin\\enforced-authority-panel.tsx:216:10\n    at Object.react_stack_bottom_frame (C:\\cwt\\p47-final-frontend-20260830\\node_modules\\react-dom\\cjs\\react-dom-client.development.js:25989:20)\n    at runWithFiberInDEV (C:\\cwt\\p47-final-frontend-20260830\\node_modules\\react-dom\\cjs\\react-dom-client.development.js:874:13)\n    at commitHookEffectListMount (C:\\cwt\\p47-final-frontend-20260830\\node_modules\\react-dom\\cjs\\react-dom-client.development.js:13249:29)\n    at commitHookPassiveMountEffects (C:\\cwt\\p47-final-frontend-20260830\\node_modules\\react-dom\\cjs\\react-dom-client.development.js:13336:11)\n    at commitPassiveMountOnFiber (C:\\cwt\\p47-final-frontend-20260830\\node_modules\\react-dom\\cjs\\react-dom-client.development.js:15484:13)\n    at recursivelyTraversePassiveMountEffects (C:\\cwt\\p47-final-frontend-20260830\\node_modules\\react-dom\\cjs\\react-dom-client.development.js:15439:11)\n    at commitPassiveMountOnFiber (C:\\cwt\\p47-final-frontend-20260830\\node_modules\\react-dom\\cjs\\react-dom-client.development.js:15718:11)\n    at recursivelyTraversePassiveMountEffects (C:\\cwt\\p47-final-frontend-20260830\\node_modules\\react-dom\\cjs\\react-dom-client.development.js:15439:11)\n    at commitPassiveMountOnFiber (C:\\cwt\\p47-final-frontend-20260830\\node_modules\\react-dom\\cjs\\react-dom-client.development.js:15718:11)\n    at recursivelyTraversePassiveMountEffects (C:\\cwt\\p47-final-frontend-20260830\\node_modules\\react-dom\\cjs\\react-dom-client.development.js:15439:11)\n    at commitPassiveMountOnFiber (C:\\cwt\\p47-final-frontend-20260830\\node_modules\\react-dom\\cjs\\react-dom-client.development.js:15476:11)\n    at recursivelyTraversePassiveMountEffects (C:\\cwt\\p47-final-frontend-20260830\\node_modules\\react-dom\\cjs\\react-dom-client.development.js:15439:11)\n    at commitPassiveMountOnFiber (C:\\cwt\\p47-final-frontend-20260830\\node_modules\\react-dom\\cjs\\react-dom-client.development.js:15476:11)\n    at recursivelyTraversePassiveMountEffects (C:\\cwt\\p47-final-frontend-20260830\\node_modules\\react-dom\\cjs\\react-dom-client.development.js:15439:11)\n    at commitPassiveMountOnFiber (C:\\cwt\\p47-final-frontend-20260830\\node_modules\\react-dom\\cjs\\react-dom-client.development.js:15519:11)\n    at flushPassiveEffects (C:\\cwt\\p47-final-frontend-20260830\\node_modules\\react-dom\\cjs\\react-dom-client.development.js:18432:9)\n    at C:\\cwt\\p47-final-frontend-20260830\\node_modules\\react-dom\\cjs\\react-dom-client.development.js:17923:15\n    at flushActQueue (C:\\cwt\\p47-final-frontend-20260830\\node_modules\\react\\cjs\\react.development.js:590:34)\n    at Object.<anonymous>.process.env.NODE_ENV.exports.act (C:\\cwt\\p47-final-frontend-20260830\\node_modules\\react\\cjs\\react.development.js:884:10)\n    at C:\\cwt\\p47-final-frontend-20260830\\node_modules\\@testing-library\\react\\dist\\act-compat.js:46:25\n    at renderRoot (C:\\cwt\\p47-final-frontend-20260830\\node_modules\\@testing-library\\react\\dist\\pure.js:189:26)\n    at render (C:\\cwt\\p47-final-frontend-20260830\\node_modules\\@testing-library\\react\\dist\\pure.js:291:10)\n    at Object.<anonymous> (C:\\cwt\\p47-final-frontend-20260830\\app\\admin\\policies\\ai-security\\__tests__\\ai-security-page.test.tsx:265:11)\n    at Promise.then.completed (C:\\cwt\\p47-final-frontend-20260830\\node_modules\\jest-circus\\build\\utils.js:298:28)\n    at new Promise (<anonymous>)\n    at callAsyncCircusFn (C:\\cwt\\p47-final-frontend-20260830\\node_modules\\jest-circus\\build\\utils.js:231:10)\n    at _callCircusTest (C:\\cwt\\p47-final-frontend-20260830\\node_modules\\jest-circus\\build\\run.js:316:40)\n    at processTicksAndRejections (node:internal/process/task_queues:103:5)\n    at _runTest (C:\\cwt\\p47-final-frontend-20260830\\node_modules\\jest-circus\\build\\run.js:252:3)\n    at _runTestsForDescribeBlock (C:\\cwt\\p47-final-frontend-20260830\\node_modules\\jest-circus\\build\\run.js:126:9)\n    at _runTestsForDescribeBlock (C:\\cwt\\p47-final-frontend-20260830\\node_modules\\jest-circus\\build\\run.js:121:9)\n    at run (C:\\cwt\\p47-final-frontend-20260830\\node_modules\\jest-circus\\build\\run.js:71:3)\n    at runAndTransformResultsToJestFormat (C:\\cwt\\p47-final-frontend-20260830\\node_modules\\jest-circus\\build\\legacy-code-todo-rewrite\\jestAdapterInit.js:122:21)\n    at jestAdapter (C:\\cwt\\p47-final-frontend-20260830\\node_modules\\jest-circus\\build\\legacy-code-todo-rewrite\\jestAdapter.js:79:19)\n    at runTestInternal (C:\\cwt\\p47-final-frontend-20260830\\node_modules\\jest-runner\\build\\runTest.js:367:16)\n    at runTest (C:\\cwt\\p47-final-frontend-20260830\\node_modules\\jest-runner\\build\\runTest.js:444:34)\n    at Object.worker (C:\\cwt\\p47-final-frontend-20260830\\node_modules\\jest-runner\\build\\testWorker.js:106:12)"}}

    [0m [90m 52 |[39m     level [33m===[39m [32m"error"[39m [33m?[39m console[33m.[39merror [33m:[39m level [33m===[39m [32m"warn"[39m [33m?[39m console[33m.[39mwarn [33m:[39m console[33m.[39mlog
     [90m 53 |[39m
    [31m[1m>[22m[39m[90m 54 |[39m   consoleFn(output)
     [90m    |[39m   [31m[1m^[22m[39m
     [90m 55 |[39m }
     [90m 56 |[39m
     [90m 57 |[39m [36mexport[39m [36mconst[39m logger [33m=[39m {[0m

      at emit (lib/logger.ts:54:3)
      at Object.error (lib/logger.ts:68:5)
      at components/admin/enforced-authority-panel.tsx:203:14
      at components/admin/enforced-authority-panel.tsx:42:71
      at Object.<anonymous>.__awaiter (components/admin/enforced-authority-panel.tsx:38:12)
      at components/admin/enforced-authority-panel.tsx:189:45
      at components/admin/enforced-authority-panel.tsx:216:10
      at Object.react_stack_bottom_frame (node_modules/react-dom/cjs/react-dom-client.development.js:25989:20)
      at runWithFiberInDEV (node_modules/react-dom/cjs/react-dom-client.development.js:874:13)
      at commitHookEffectListMount (node_modules/react-dom/cjs/react-dom-client.development.js:13249:29)
      at commitHookPassiveMountEffects (node_modules/react-dom/cjs/react-dom-client.development.js:13336:11)
      at commitPassiveMountOnFiber (node_modules/react-dom/cjs/react-dom-client.development.js:15484:13)
      at recursivelyTraversePassiveMountEffects (node_modules/react-dom/cjs/react-dom-client.development.js:15439:11)
      at commitPassiveMountOnFiber (node_modules/react-dom/cjs/react-dom-client.development.js:15718:11)
      at recursivelyTraversePassiveMountEffects (node_modules/react-dom/cjs/react-dom-client.development.js:15439:11)
      at commitPassiveMountOnFiber (node_modules/react-dom/cjs/react-dom-client.development.js:15718:11)
      at recursivelyTraversePassiveMountEffects (node_modules/react-dom/cjs/react-dom-client.development.js:15439:11)
      at commitPassiveMountOnFiber (node_modules/react-dom/cjs/react-dom-client.development.js:15476:11)
      at recursivelyTraversePassiveMountEffects (node_modules/react-dom/cjs/react-dom-client.development.js:15439:11)
      at commitPassiveMountOnFiber (node_modules/react-dom/cjs/react-dom-client.development.js:15476:11)
      at recursivelyTraversePassiveMountEffects (node_modules/react-dom/cjs/react-dom-client.development.js:15439:11)
      at commitPassiveMountOnFiber (node_modules/react-dom/cjs/react-dom-client.development.js:15519:11)
      at flushPassiveEffects (node_modules/react-dom/cjs/react-dom-client.development.js:18432:9)
      at node_modules/react-dom/cjs/react-dom-client.development.js:17923:15
      at flushActQueue (node_modules/react/cjs/react.development.js:590:34)
      at Object.<anonymous>.process.env.NODE_ENV.exports.act (node_modules/react/cjs/react.development.js:884:10)
      at node_modules/@testing-library/react/dist/act-compat.js:46:25
      at renderRoot (node_modules/@testing-library/react/dist/pure.js:189:26)
      at render (node_modules/@testing-library/react/dist/pure.js:291:10)
      at Object.<anonymous> (app/admin/policies/ai-security/__tests__/ai-security-page.test.tsx:265:11)

    console.error
      An update to ForwardRef(LinkComponent) inside a test was not wrapped in act(...).
      
      When testing, code that causes React state updates should be wrapped into act(...):
      
      act(() => {
        /* fire events that update state */
      });
      /* assert on the output */
      
      This ensures that you're testing the behavior the user would see in the browser. Learn more at https://react.dev/link/wrap-tests-with-act

    [0m [90m 264 |[39m     tabParam [33m=[39m [32m"governance"[39m [90m// -> surfaces, which lives in Settings[39m
     [90m 265 |[39m     render([33m<[39m[33mAiSecurityPolicyContent[39m [33m/[39m[33m>[39m)
    [31m[1m>[22m[39m[90m 266 |[39m     jest[33m.[39madvanceTimersByTime([35m200[39m)
     [90m     |[39m          [31m[1m^[22m[39m
     [90m 267 |[39m     expect(screen[33m.[39mgetByRole([32m"tab"[39m[33m,[39m { name[33m:[39m [35m/Settings/[39m }))[33m.[39mtoHaveAttribute(
     [90m 268 |[39m       [32m"aria-selected"[39m[33m,[39m
     [90m 269 |[39m       [32m"true"[39m[33m,[39m[0m

      at node_modules/react-dom/cjs/react-dom-client.development.js:18758:19
      at runWithFiberInDEV (node_modules/react-dom/cjs/react-dom-client.development.js:874:13)
      at warnIfUpdatesNotWrappedWithActDEV (node_modules/react-dom/cjs/react-dom-client.development.js:18757:9)
      at scheduleUpdateOnFiber (node_modules/react-dom/cjs/react-dom-client.development.js:16409:11)
      at dispatchSetStateInternal (node_modules/react-dom/cjs/react-dom-client.development.js:9170:13)
      at dispatchSetState (node_modules/react-dom/cjs/react-dom-client.development.js:9127:7)
      at setVisible (node_modules/next/src/client/use-intersection.tsx:125:56)
      at cb (node_modules/next/src/client/request-idle-callback.ts:8:7)
      at callTimer (node_modules/@sinonjs/fake-timers/src/fake-timers-src.js:744:24)
      at doTickInner (node_modules/@sinonjs/fake-timers/src/fake-timers-src.js:1312:29)
      at doTick (node_modules/@sinonjs/fake-timers/src/fake-timers-src.js:1393:20)
      at Object.tick (node_modules/@sinonjs/fake-timers/src/fake-timers-src.js:1401:20)
      at FakeTimers.advanceTimersByTime (node_modules/@jest/fake-timers/build/modernFakeTimers.js:94:19)
      at Object.<anonymous> (app/admin/policies/ai-security/__tests__/ai-security-page.test.tsx:266:10)

    console.error
      An update to PolicyLibraryPanel inside a test was not wrapped in act(...).
      
      When testing, code that causes React state updates should be wrapped into act(...):
      
      act(() => {
        /* fire events that update state */
      });
      /* assert on the output */
      
      This ensures that you're testing the behavior the user would see in the browser. Learn more at https://react.dev/link/wrap-tests-with-act

    [0m [90m 374 |[39m       } [36mcatch[39m (err[33m:[39m unknown) {
     [90m 375 |[39m         [36mif[39m (cancelled) [36mreturn[39m
    [31m[1m>[22m[39m[90m 376 |[39m         setSaved({
     [90m     |[39m         [31m[1m^[22m[39m
     [90m 377 |[39m           items[33m:[39m [36mnull[39m[33m,[39m
     [90m 378 |[39m           status[33m:[39m [36mnull[39m[33m,[39m
     [90m 379 |[39m           error[33m:[39m[0m

      at node_modules/react-dom/cjs/react-dom-client.development.js:18758:19
      at runWithFiberInDEV (node_modules/react-dom/cjs/react-dom-client.development.js:874:13)
      at warnIfUpdatesNotWrappedWithActDEV (node_modules/react-dom/cjs/react-dom-client.development.js:18757:9)
      at scheduleUpdateOnFiber (node_modules/react-dom/cjs/react-dom-client.development.js:16409:11)
      at dispatchSetStateInternal (node_modules/react-dom/cjs/react-dom-client.development.js:9170:13)
      at dispatchSetState (node_modules/react-dom/cjs/react-dom-client.development.js:9127:7)
      at components/admin/policy/policy-library-panel.tsx:376:9
          at Generator.throw (<anonymous>)
      at rejected (components/admin/policy/policy-library-panel.tsx:40:65)

    console.error
      {"timestamp":"2026-09-05T21:58:02.030Z","level":"error","message":"enforced authority read failed","error":{"name":"ReferenceError","message":"fetch is not defined","stack":"ReferenceError: fetch is not defined\n    at C:\\cwt\\p47-final-frontend-20260830\\components\\admin\\enforced-authority-panel.tsx:193:19\n    at Generator.next (<anonymous>)\n    at C:\\cwt\\p47-final-frontend-20260830\\components\\admin\\enforced-authority-panel.tsx:42:71\n    at new Promise (<anonymous>)\n    at Object.<anonymous>.__awaiter (C:\\cwt\\p47-final-frontend-20260830\\components\\admin\\enforced-authority-panel.tsx:38:12)\n    at C:\\cwt\\p47-final-frontend-20260830\\components\\admin\\enforced-authority-panel.tsx:189:45\n    at C:\\cwt\\p47-final-frontend-20260830\\components\\admin\\enforced-authority-panel.tsx:216:10\n    at Object.react_stack_bottom_frame (C:\\cwt\\p47-final-frontend-20260830\\node_modules\\react-dom\\cjs\\react-dom-client.development.js:25989:20)\n    at runWithFiberInDEV (C:\\cwt\\p47-final-frontend-20260830\\node_modules\\react-dom\\cjs\\react-dom-client.development.js:874:13)\n    at commitHookEffectListMount (C:\\cwt\\p47-final-frontend-20260830\\node_modules\\react-dom\\cjs\\react-dom-client.development.js:13249:29)\n    at commitHookPassiveMountEffects (C:\\cwt\\p47-final-frontend-20260830\\node_modules\\react-dom\\cjs\\react-dom-client.development.js:13336:11)\n    at commitPassiveMountOnFiber (C:\\cwt\\p47-final-frontend-20260830\\node_modules\\react-dom\\cjs\\react-dom-client.development.js:15484:13)\n    at recursivelyTraversePassiveMountEffects (C:\\cwt\\p47-final-frontend-20260830\\node_modules\\react-dom\\cjs\\react-dom-client.development.js:15439:11)\n    at commitPassiveMountOnFiber (C:\\cwt\\p47-final-frontend-20260830\\node_modules\\react-dom\\cjs\\react-dom-client.development.js:15718:11)\n    at recursivelyTraversePassiveMountEffects (C:\\cwt\\p47-final-frontend-20260830\\node_modules\\react-dom\\cjs\\react-dom-client.development.js:15439:11)\n    at commitPassiveMountOnFiber (C:\\cwt\\p47-final-frontend-20260830\\node_modules\\react-dom\\cjs\\react-dom-client.development.js:15718:11)\n    at recursivelyTraversePassiveMountEffects (C:\\cwt\\p47-final-frontend-20260830\\node_modules\\react-dom\\cjs\\react-dom-client.development.js:15439:11)\n    at commitPassiveMountOnFiber (C:\\cwt\\p47-final-frontend-20260830\\node_modules\\react-dom\\cjs\\react-dom-client.development.js:15476:11)\n    at recursivelyTraversePassiveMountEffects (C:\\cwt\\p47-final-frontend-20260830\\node_modules\\react-dom\\cjs\\react-dom-client.development.js:15439:11)\n    at commitPassiveMountOnFiber (C:\\cwt\\p47-final-frontend-20260830\\node_modules\\react-dom\\cjs\\react-dom-client.development.js:15476:11)\n    at recursivelyTraversePassiveMountEffects (C:\\cwt\\p47-final-frontend-20260830\\node_modules\\react-dom\\cjs\\react-dom-client.development.js:15439:11)\n    at commitPassiveMountOnFiber (C:\\cwt\\p47-final-frontend-20260830\\node_modules\\react-dom\\cjs\\react-dom-client.development.js:15519:11)\n    at flushPassiveEffects (C:\\cwt\\p47-final-frontend-20260830\\node_modules\\react-dom\\cjs\\react-dom-client.development.js:18432:9)\n    at C:\\cwt\\p47-final-frontend-20260830\\node_modules\\react-dom\\cjs\\react-dom-client.development.js:17923:15\n    at flushActQueue (C:\\cwt\\p47-final-frontend-20260830\\node_modules\\react\\cjs\\react.development.js:590:34)\n    at Object.<anonymous>.process.env.NODE_ENV.exports.act (C:\\cwt\\p47-final-frontend-20260830\\node_modules\\react\\cjs\\react.development.js:884:10)\n    at C:\\cwt\\p47-final-frontend-20260830\\node_modules\\@testing-library\\react\\dist\\act-compat.js:46:25\n    at renderRoot (C:\\cwt\\p47-final-frontend-20260830\\node_modules\\@testing-library\\react\\dist\\pure.js:189:26)\n    at render (C:\\cwt\\p47-final-frontend-20260830\\node_modules\\@testing-library\\react\\dist\\pure.js:291:10)\n    at Object.<anonymous> (C:\\cwt\\p47-final-frontend-20260830\\app\\admin\\policies\\ai-security\\__tests__\\ai-security-page.test.tsx:283:11)\n    at Promise.then.completed (C:\\cwt\\p47-final-frontend-20260830\\node_modules\\jest-circus\\build\\utils.js:298:28)\n    at new Promise (<anonymous>)\n    at callAsyncCircusFn (C:\\cwt\\p47-final-frontend-20260830\\node_modules\\jest-circus\\build\\utils.js:231:10)\n    at _callCircusTest (C:\\cwt\\p47-final-frontend-20260830\\node_modules\\jest-circus\\build\\run.js:316:40)\n    at processTicksAndRejections (node:internal/process/task_queues:103:5)\n    at _runTest (C:\\cwt\\p47-final-frontend-20260830\\node_modules\\jest-circus\\build\\run.js:252:3)\n    at _runTestsForDescribeBlock (C:\\cwt\\p47-final-frontend-20260830\\node_modules\\jest-circus\\build\\run.js:126:9)\n    at _runTestsForDescribeBlock (C:\\cwt\\p47-final-frontend-20260830\\node_modules\\jest-circus\\build\\run.js:121:9)\n    at run (C:\\cwt\\p47-final-frontend-20260830\\node_modules\\jest-circus\\build\\run.js:71:3)\n    at runAndTransformResultsToJestFormat (C:\\cwt\\p47-final-frontend-20260830\\node_modules\\jest-circus\\build\\legacy-code-todo-rewrite\\jestAdapterInit.js:122:21)\n    at jestAdapter (C:\\cwt\\p47-final-frontend-20260830\\node_modules\\jest-circus\\build\\legacy-code-todo-rewrite\\jestAdapter.js:79:19)\n    at runTestInternal (C:\\cwt\\p47-final-frontend-20260830\\node_modules\\jest-runner\\build\\runTest.js:367:16)\n    at runTest (C:\\cwt\\p47-final-frontend-20260830\\node_modules\\jest-runner\\build\\runTest.js:444:34)\n    at Object.worker (C:\\cwt\\p47-final-frontend-20260830\\node_modules\\jest-runner\\build\\testWorker.js:106:12)"}}

    [0m [90m 52 |[39m     level [33m===[39m [32m"error"[39m [33m?[39m console[33m.[39merror [33m:[39m level [33m===[39m [32m"warn"[39m [33m?[39m console[33m.[39mwarn [33m:[39m console[33m.[39mlog
     [90m 53 |[39m
    [31m[1m>[22m[39m[90m 54 |[39m   consoleFn(output)
     [90m    |[39m   [31m[1m^[22m[39m
     [90m 55 |[39m }
     [90m 56 |[39m
     [90m 57 |[39m [36mexport[39m [36mconst[39m logger [33m=[39m {[0m

      at emit (lib/logger.ts:54:3)
      at Object.error (lib/logger.ts:68:5)
      at components/admin/enforced-authority-panel.tsx:203:14
      at components/admin/enforced-authority-panel.tsx:42:71
      at Object.<anonymous>.__awaiter (components/admin/enforced-authority-panel.tsx:38:12)
      at components/admin/enforced-authority-panel.tsx:189:45
      at components/admin/enforced-authority-panel.tsx:216:10
      at Object.react_stack_bottom_frame (node_modules/react-dom/cjs/react-dom-client.development.js:25989:20)
      at runWithFiberInDEV (node_modules/react-dom/cjs/react-dom-client.development.js:874:13)
      at commitHookEffectListMount (node_modules/react-dom/cjs/react-dom-client.development.js:13249:29)
      at commitHookPassiveMountEffects (node_modules/react-dom/cjs/react-dom-client.development.js:13336:11)
      at commitPassiveMountOnFiber (node_modules/react-dom/cjs/react-dom-client.development.js:15484:13)
      at recursivelyTraversePassiveMountEffects (node_modules/react-dom/cjs/react-dom-client.development.js:15439:11)
      at commitPassiveMountOnFiber (node_modules/react-dom/cjs/react-dom-client.development.js:15718:11)
      at recursivelyTraversePassiveMountEffects (node_modules/react-dom/cjs/react-dom-client.development.js:15439:11)
      at commitPassiveMountOnFiber (node_modules/react-dom/cjs/react-dom-client.development.js:15718:11)
      at recursivelyTraversePassiveMountEffects (node_modules/react-dom/cjs/react-dom-client.development.js:15439:11)
      at commitPassiveMountOnFiber (node_modules/react-dom/cjs/react-dom-client.development.js:15476:11)
      at recursivelyTraversePassiveMountEffects (node_modules/react-dom/cjs/react-dom-client.development.js:15439:11)
      at commitPassiveMountOnFiber (node_modules/react-dom/cjs/react-dom-client.development.js:15476:11)
      at recursivelyTraversePassiveMountEffects (node_modules/react-dom/cjs/react-dom-client.development.js:15439:11)
      at commitPassiveMountOnFiber (node_modules/react-dom/cjs/react-dom-client.development.js:15519:11)
      at flushPassiveEffects (node_modules/react-dom/cjs/react-dom-client.development.js:18432:9)
      at node_modules/react-dom/cjs/react-dom-client.development.js:17923:15
      at flushActQueue (node_modules/react/cjs/react.development.js:590:34)
      at Object.<anonymous>.process.env.NODE_ENV.exports.act (node_modules/react/cjs/react.development.js:884:10)
      at node_modules/@testing-library/react/dist/act-compat.js:46:25
      at renderRoot (node_modules/@testing-library/react/dist/pure.js:189:26)
      at render (node_modules/@testing-library/react/dist/pure.js:291:10)
      at Object.<anonymous> (app/admin/policies/ai-security/__tests__/ai-security-page.test.tsx:283:11)

PASS components/admin/policy/__tests__/action-bucket-board.test.tsx (6.453 s)
PASS components/admin/__tests__/wire-shape-crashes.test.tsx (8.516 s)
PASS app/admin/endpoints/__tests__/agents-wire-text.test.tsx (14.774 s)
PASS components/admin/__tests__/ai-security-policy-failure-oracle.test.tsx (8.199 s)
PASS app/admin/audit/__tests__/audit-cursor-paging.test.tsx (6.054 s)
PASS app/admin/endpoints/__tests__/fleet-tile-vs-table.test.tsx (7.815 s)
PASS app/endpoints/__tests__/ai-plane-read-failure.test.tsx (10.926 s)
PASS components/admin/policy/__tests__/ai-policy.write-shape.test.tsx (7.214 s)
PASS components/admin/policy/__tests__/editors-suppression-delete.test.tsx (6.894 s)
PASS app/admin/endpoints/__tests__/f40-guard-fail-open.test.tsx
PASS components/admin/policy/__tests__/redaction-toggle.test.tsx
PASS app/admin/endpoints/__tests__/optout-scope-not-measured.test.tsx (5.635 s)
PASS components/admin/__tests__/ai-security-policy-onboarding-posture.test.tsx (6.671 s)
PASS app/admin/endpoints/__tests__/agents-error-state.test.tsx (9.314 s)
PASS components/admin/__tests__/prompt-evidence-controls.test.tsx (9.288 s)
PASS app/admin/endpoints/__tests__/f39-web-guard-ladder.test.tsx (8.68 s)
PASS components/admin/__tests__/ai-security-preset-catalog-degrades.test.tsx (8.509 s)
PASS app/admin/endpoints/__tests__/cx7-optout-coverage.test.tsx (6.817 s)
PASS components/admin/__tests__/teams-tab.test.tsx (7.235 s)
PASS app/endpoints/__tests__/hub-activity-tab.test.tsx (8.117 s)
PASS app/admin/endpoints/__tests__/agents-coverage-view.test.tsx (8.314 s)
PASS app/endpoints/__tests__/endpoint-hub-freshness.test.tsx (10.328 s)
PASS app/admin/endpoints/__tests__/agents-execution-host.test.tsx (7.645 s)
PASS components/admin/__tests__/ai-security-policy-authority.test.tsx (8.297 s)
PASS components/admin/policy/__tests__/action-row-list.test.tsx (6.29 s)
PASS app/admin/policies/approvals/__tests__/action-approvals-section.test.tsx (11.157 s)
PASS components/admin/__tests__/push-protection-admin-section.test.tsx (7.07 s)
PASS components/admin/policy/__tests__/preset-card-grid.test.tsx (6.574 s)
PASS components/admin/ai-security-playground/__tests__/path-test-panel.test.tsx (6.579 s)
PASS components/admin/__tests__/ai-security-policy-session-titles.test.tsx (5.468 s)
PASS app/admin/policies/approvals/__tests__/ai-detector-exceptions-section.test.tsx (5.059 s)
PASS components/admin/policy/__tests__/policy-library-panel.test.tsx
PASS app/admin/endpoints/__tests__/agents-stats-on-error.test.tsx (15.185 s)
FAIL app/admin/endpoints/__tests__/f40-guard-column-and-footnote.test.tsx (23.691 s)
  ● F40-C render — the guard-health column is headed, on every fleet › heads the guard-health cell with its own column header, and keeps the header row and the body row aligned

    the Web AI Guard coverage panel never rendered

    Ignored nodes: comments, script, style
    [36m<html>[39m
      [36m<head />[39m
      [36m<body>[39m
        [36m<div>[39m
          [36m<div[39m
            [33mclass[39m=[32m"space-y-6"[39m
            [33mdata-testid[39m=[32m"coverage-section"[39m
          [36m>[39m
            [36m<p[39m
              [33mclass[39m=[32m"max-w-2xl text-sm text-fg-muted leading-relaxed"[39m
            [36m>[39m
              [0mOne honest coverage truth per machine: exactly which protections are live, derived from what each endpoint actually uses. A machine is flagged only when a tool it uses is unprotected.[0m
            [36m</p>[39m
            [36m<div[39m
              [33mclass[39m=[32m"relative rounded-xl border text-fg transition-colors duration-[var(--dur-base)] border-signal-critical/30 bg-signal-critical/[0.03] p-4"[39m
            [36m>[39m
              [36m<div[39m
                [33mclass[39m=[32m"p-4"[39m
              [36m>[39m
                [36m<div[39m
                  [33mclass[39m=[32m"flex items-start gap-3"[39m
                [36m>[39m
                  [36m<svg[39m
                    [33mclass[39m=[32m"mt-0.5 h-4 w-4 shrink-0 text-signal-critical"[39m
                    [33mfill[39m=[32m"none"[39m
                    [33mstroke[39m=[32m"currentColor"[39m
                    [33mstroke-linecap[39m=[32m"round"[39m
                    [33mstroke-linejoin[39m=[32m"round"[39m
                    [33mstroke-width[39m=[32m"2"[39m
                    [33mviewBox[39m=[32m"0 0 24 24"[39m
                    [33mxmlns[39m=[32m"http://www.w3.org/2000/svg"[39m
                  [36m>[39m
                    [36m<path[39m
                      [33md[39m=[32m"m21.73 18-8-14a2 2 0 0 0-3.48 0l-8 14A2 2 0 0 0 4 21h16a2 2 0 0 0 1.73-3Z"[39m
                    [36m/>[39m
                    [36m<path[39m
                      [33md[39m=[32m"M12 9v4"[39m
                    [36m/>[39m
                    [36m<path[39m
                      [33md[39m=[32m"M12 17h.01"[39m
                    [36m/>[39m
                  [36m</svg>[39m
                  [36m<div>[39m
                    [36m<p[39m
                      [33mclass[39m=[32m"text-sm font-medium text-fg"[39m
                    [36m>[39m
                      [0mGovernance profile truth unavailable[0m
                    [36m</p>[39m
                    [36m<p[39m
                      [33mclass[39m=[32m"mt-1 text-xs leading-relaxed text-fg-muted"[39m
                    [36m>[39m
                      [0mThis deployment cannot prove which protections satisfy the selected profile, so it is not ready for external reliance.[0m
                    [36m</p>[39m
                  [36m</div>[39m
                [36m</div>[39m
              [36m</div>[39m
            [36m</div>[39m
            [36m<div[39m
              [33mclass[39m=[32m"relative rounded-xl border border-border/60 bg-surface-elevated/40 text-fg transition-colors duration-[var(--dur-base)] p-0"[39m
            [36m>[39m
              [36m<div[39m
                [33mclass[39m=[32m"p-4"[39m
              [36m>[39m
                [36m<div[39m
                  [33mclass[39m=[32m"flex min-w-0 flex-1 flex-col items-center justify-center rounded-lg border-dashed p-6 text-center text-balance md:p-12 border-0 bg-transparent py-16 md:py-24 gap-5"[39m
                  [33mdata-density[39m=[32m"page"[39m
                  [33mdata-slot[39m=[32m"empty-no-data"[39m
                [36m>[39m
                  [36m<svg[39m
                    [33maria-hidden[39m=[32m"true"[39m
                    [33mclass[39m=[32m"block"[39m
                    [33mfill[39m=[32m"none"[39m
                    [33mheight[39m=[32m"64"[39m
                    [33mviewBox[39m=[32m"0 0 64 64"[39m
                    [33mwidth[39m=[32m"64"[39m
                  [36m>[39m
                    [36m<circle[39m
                      [33mcx[39m=[32m"32"[39m
                      [33mcy[39m=[32m"32"[39m
                      [33mr[39m=[32m"27"[39m
                      [33mstroke[39m=[32m"var(--accent-gold)"[39m
                      [33mstroke-opacity[39m=[32m"0.28"[39m
                      [33mstroke-width[39m=[32m"1"[39m
                    [36m/>[39m
                    [36m<path[39m
                      [33md[39m=[32m"M58.00 32.00L56.55 34.96L54.84 37.59L52.92 39.88L50.86 41.82L48.68 43.41L46.45 44.67L44.20 45.61L41.97 46.24L39.79 46.58L37.69 46.65L35.71 46.48L33.85 46.09L32.15 45.51L30.60 44.77L29.22 43.90L28.02 42.92L27.00 41.85L26.16 40.73L25.49 39.58L24.99 38.42"[39m
                      [33mfill[39m=[32m"none"[39m
                      [33mstroke[39m=[32m"var(--accent-gold)"[39m
                      [33mstroke-linecap[39m=[32m"round"[39m
                      [33mstroke-opacity[39m=[32m"0.5"[39m
                      [33mstroke-width[39m=[32m"1.1"[39m
                    [36m/>[39m
                    [36m<path[39m
                      [33md[39m=[32m"M40.03 56.73L36.77 56.26L33.74 55.45L30.98 54.33L28.49 52.97L26.30 51.39L24.41 49.66L22.83 47.81L21.54 45.88L20.54 43.91L19.83 41.94L19.38 40.00L19.17 38.12L19.19 36.31L19.42 34.62L19.83 33.04L20.39 31.59L21.08 30.29L21.89 29.15L22.78 28.16L23.73 27.32"[39m
                      [33mfill[39m=[32m"none"[39m
                      [33mstroke[39m=[32m"var(--accent-gold)"[39m
                      [33mstroke-linecap[39m=[32m"round"[39m
                      [33mstroke-opacity[39m=[32m"0.8200000000000001"[39m
                      [33mstroke-width[39m=[32m"1.1"[39m
                    [36m/>[39m
                    [36m<path[39m
                      [33md[39m=[32m"M10.97 47.28L10.40 44.03L10.24 40.90L10.44 37.93L10.98 35.14L11.79 32.57L12.86 30.24L14.13 28.16L15.57 26.34L17.13 24.79L18.78 23.50L20.49 22.47L22.22 21.69L23.94 21.15L25.63 20.84L27.25 20.74L28.80 20.83L30.25 21.09L31.59 21.50L32.81 22.04L33.90 22.69"[39m
                      [33mfill[39m=[32m"none"[39m
                      [33mstroke[39m=[32m"var(--accent-gold)"[39m
                      [33mstroke-linecap[39m=[32m"round"[39m
                      [33mstroke-opacity[39m=[32m"0.5"[39m
                      [33mstroke-width[39m=[32m"1.1"[39m
                    [36m/>[39m
                    [36m<path[39m
                      [33md[39m=[32m"M10.97 16.72L13.88 15.18L16.81 14.06L19.70 13.33L22.52 12.98L25.21 12.96L27.76 13.25L30.13 13.82L32.30 14.62L34.27 15.63L36.00 16.80L37.51 18.11L38.78 19.51L39.82 20.98L40.64 22.49L41.24 24.00L41.63 25.50L41.83 26.96L41.86 28.37L41.72 29.69L41.44 30.93"[39m
                      [33mfill[39m=[32m"none"[39m
                      [33mstroke[39m=[32m"var(--accent-gold)"[39m
                      [33mstroke-linecap[39m=[32m"round"[39m
                      [33mstroke-opacity[39m=[32m"0.8200000000000001"[39m
                      [33mstroke-width[39m=[32m"1.1"[39m
                    [36m/>[39m
                    [36m<path[39m
                      [33md[39m=[32m"M40.03 7.27L42.40 9.57L44.37 12.01L45.96 14.54L47.16 17.10L48.01 19.66L48.52 22.17L48.71 24.60L48.62 26.92L48.27 29.10L47.69 31.11L46.91 32.95L45.97 34.59L44.90 36.04L43.72 37.28L42.46 38.32L41.16 39.15L39.83 39.80L38.50 40.25L37.2...

    [0m [90m 106 |[39m   [36mreturn[39m ([36mawait[39m waitFor(() [33m=>[39m {
     [90m 107 |[39m     [36mconst[39m el [33m=[39m document[33m.[39mquerySelector([32m'section[aria-label="Web AI Guard coverage"]'[39m)
    [31m[1m>[22m[39m[90m 108 |[39m     [36mif[39m ([33m![39mel) [36mthrow[39m [36mnew[39m [33mError[39m([32m"the Web AI Guard coverage panel never rendered"[39m)
     [90m     |[39m                    [31m[1m^[22m[39m
     [90m 109 |[39m     [36mreturn[39m el [36mas[39m [33mHTMLElement[39m
     [90m 110 |[39m   })) [36mas[39m [33mHTMLElement[39m
     [90m 111 |[39m }[0m

      at app/admin/endpoints/__tests__/f40-guard-column-and-footnote.test.tsx:108:20
      at runWithExpensiveErrorDiagnosticsDisabled (node_modules/@testing-library/dom/dist/config.js:47:12)
      at checkCallback (node_modules/@testing-library/dom/dist/wait-for.js:124:77)
      at checkRealTimersCallback (node_modules/@testing-library/dom/dist/wait-for.js:118:16)
      at Timeout.task [as _onTimeout] (node_modules/jsdom/lib/jsdom/browser/Window.js:520:19)

  ● F40-C render — the guard-health column is headed, on every fleet › heads the guard-health cell with its own column header, and keeps the header row and the body row aligned

    TypeError: Cannot read properties of undefined (reading 'then')

    [0m [90m 792 |[39m     [36mif[39m (
     [90m 793 |[39m       capability[33m.[39mid [33m!==[39m id [33m||[39m
    [31m[1m>[22m[39m[90m 794 |[39m       capability[33m.[39mrequired [33m!==[39m required [33m||[39m
     [90m     |[39m             [31m[1m^[22m[39m
     [90m 795 |[39m       capability[33m.[39massurance [33m!==[39m expectedAssurance [33m||[39m
     [90m 796 |[39m       [36mtypeof[39m capability[33m.[39mlabel [33m!==[39m [32m"string"[39m [33m||[39m
     [90m 797 |[39m       [33m![39m[33mCAPABILITY_STATES[39m[33m.[39mhas([33mString[39m(capability[33m.[39mstate)) [33m||[39m[0m

      at app/admin/endpoints/coverage-section.tsx:794:13
      at Object.react_stack_bottom_frame (node_modules/react-dom/cjs/react-dom-client.development.js:25989:20)
      at runWithFiberInDEV (node_modules/react-dom/cjs/react-dom-client.development.js:874:13)
      at commitHookEffectListMount (node_modules/react-dom/cjs/react-dom-client.development.js:13249:29)
      at commitHookPassiveMountEffects (node_modules/react-dom/cjs/react-dom-client.development.js:13336:11)
      at commitPassiveMountOnFiber (node_modules/react-dom/cjs/react-dom-client.development.js:15484:13)
      at recursivelyTraversePassiveMountEffects (node_modules/react-dom/cjs/react-dom-client.development.js:15439:11)
      at commitPassiveMountOnFiber (node_modules/react-dom/cjs/react-dom-client.development.js:15718:11)
      at recursivelyTraversePassiveMountEffects (node_modules/react-dom/cjs/react-dom-client.development.js:15439:11)
      at commitPassiveMountOnFiber (node_modules/react-dom/cjs/react-dom-client.development.js:15476:11)
      at recursivelyTraversePassiveMountEffects (node_modules/react-dom/cjs/react-dom-client.development.js:15439:11)
      at commitPassiveMountOnFiber (node_modules/react-dom/cjs/react-dom-client.development.js:15519:11)
      at flushPassiveEffects (node_modules/react-dom/cjs/react-dom-client.development.js:18432:9)
      at flushPendingEffects (node_modules/react-dom/cjs/react-dom-client.development.js:18358:14)
      at performSyncWorkOnRoot (node_modules/react-dom/cjs/react-dom-client.development.js:18969:11)
      at flushSyncWorkAcrossRoots_impl (node_modules/react-dom/cjs/react-dom-client.development.js:18814:21)
      at flushSyncWork$1 (node_modules/react-dom/cjs/react-dom-client.development.js:16898:12)
      at ReactDOMRoot.Object.<anonymous>.process.env.NODE_ENV.ReactDOMHydrationRoot.unmount.ReactDOMRoot.unmount [as unmount] (node_modules/react-dom/cjs/react-dom-client.development.js:27911:11)
      at Object.unmount (node_modules/@testing-library/react/dist/pure.js:163:12)
      at node_modules/@testing-library/react/dist/pure.js:307:12
      at node_modules/@testing-library/react/dist/act-compat.js:47:24
      at Object.<anonymous>.process.env.NODE_ENV.exports.act (node_modules/react/cjs/react.development.js:814:22)
      at node_modules/@testing-library/react/dist/act-compat.js:46:25
      at node_modules/@testing-library/react/dist/pure.js:306:28
          at Array.forEach (<anonymous>)
      at cleanup (node_modules/@testing-library/react/dist/pure.js:302:22)
      at Object.<anonymous> (node_modules/@testing-library/react/dist/index.js:28:25)

  ● F40-C render — the panel says, in its own voice, what guard health can mean › states the guard rule in the words the rows themselves use: endpoint-reported, never inferred, absence never a pass

    the Web AI Guard coverage panel never rendered

    Ignored nodes: comments, script, style
    [36m<html>[39m
      [36m<head />[39m
      [36m<body>[39m
        [36m<div />[39m
        [36m<div>[39m
          [36m<div[39m
            [33mclass[39m=[32m"space-y-6"[39m
            [33mdata-testid[39m=[32m"coverage-section"[39m
          [36m>[39m
            [36m<p[39m
              [33mclass[39m=[32m"max-w-2xl text-sm text-fg-muted leading-relaxed"[39m
            [36m>[39m
              [0mOne honest coverage truth per machine: exactly which protections are live, derived from what each endpoint actually uses. A machine is flagged only when a tool it uses is unprotected.[0m
            [36m</p>[39m
            [36m<div[39m
              [33mclass[39m=[32m"relative rounded-xl border text-fg transition-colors duration-[var(--dur-base)] border-signal-critical/30 bg-signal-critical/[0.03] p-4"[39m
            [36m>[39m
              [36m<div[39m
                [33mclass[39m=[32m"p-4"[39m
              [36m>[39m
                [36m<div[39m
                  [33mclass[39m=[32m"flex items-start gap-3"[39m
                [36m>[39m
                  [36m<svg[39m
                    [33mclass[39m=[32m"mt-0.5 h-4 w-4 shrink-0 text-signal-critical"[39m
                    [33mfill[39m=[32m"none"[39m
                    [33mstroke[39m=[32m"currentColor"[39m
                    [33mstroke-linecap[39m=[32m"round"[39m
                    [33mstroke-linejoin[39m=[32m"round"[39m
                    [33mstroke-width[39m=[32m"2"[39m
                    [33mviewBox[39m=[32m"0 0 24 24"[39m
                    [33mxmlns[39m=[32m"http://www.w3.org/2000/svg"[39m
                  [36m>[39m
                    [36m<path[39m
                      [33md[39m=[32m"m21.73 18-8-14a2 2 0 0 0-3.48 0l-8 14A2 2 0 0 0 4 21h16a2 2 0 0 0 1.73-3Z"[39m
                    [36m/>[39m
                    [36m<path[39m
                      [33md[39m=[32m"M12 9v4"[39m
                    [36m/>[39m
                    [36m<path[39m
                      [33md[39m=[32m"M12 17h.01"[39m
                    [36m/>[39m
                  [36m</svg>[39m
                  [36m<div>[39m
                    [36m<p[39m
                      [33mclass[39m=[32m"text-sm font-medium text-fg"[39m
                    [36m>[39m
                      [0mGovernance profile truth unavailable[0m
                    [36m</p>[39m
                    [36m<p[39m
                      [33mclass[39m=[32m"mt-1 text-xs leading-relaxed text-fg-muted"[39m
                    [36m>[39m
                      [0mThis deployment cannot prove which protections satisfy the selected profile, so it is not ready for external reliance.[0m
                    [36m</p>[39m
                  [36m</div>[39m
                [36m</div>[39m
              [36m</div>[39m
            [36m</div>[39m
            [36m<div[39m
              [33mclass[39m=[32m"relative rounded-xl border border-border/60 bg-surface-elevated/40 text-fg transition-colors duration-[var(--dur-base)] p-0"[39m
            [36m>[39m
              [36m<div[39m
                [33mclass[39m=[32m"p-4"[39m
              [36m>[39m
                [36m<div[39m
                  [33mclass[39m=[32m"flex min-w-0 flex-1 flex-col items-center justify-center rounded-lg border-dashed p-6 text-center text-balance md:p-12 border-0 bg-transparent py-16 md:py-24 gap-5"[39m
                  [33mdata-density[39m=[32m"page"[39m
                  [33mdata-slot[39m=[32m"empty-no-data"[39m
                [36m>[39m
                  [36m<svg[39m
                    [33maria-hidden[39m=[32m"true"[39m
                    [33mclass[39m=[32m"block"[39m
                    [33mfill[39m=[32m"none"[39m
                    [33mheight[39m=[32m"64"[39m
                    [33mviewBox[39m=[32m"0 0 64 64"[39m
                    [33mwidth[39m=[32m"64"[39m
                  [36m>[39m
                    [36m<circle[39m
                      [33mcx[39m=[32m"32"[39m
                      [33mcy[39m=[32m"32"[39m
                      [33mr[39m=[32m"27"[39m
                      [33mstroke[39m=[32m"var(--accent-gold)"[39m
                      [33mstroke-opacity[39m=[32m"0.28"[39m
                      [33mstroke-width[39m=[32m"1"[39m
                    [36m/>[39m
                    [36m<path[39m
                      [33md[39m=[32m"M58.00 32.00L56.55 34.96L54.84 37.59L52.92 39.88L50.86 41.82L48.68 43.41L46.45 44.67L44.20 45.61L41.97 46.24L39.79 46.58L37.69 46.65L35.71 46.48L33.85 46.09L32.15 45.51L30.60 44.77L29.22 43.90L28.02 42.92L27.00 41.85L26.16 40.73L25.49 39.58L24.99 38.42"[39m
                      [33mfill[39m=[32m"none"[39m
                      [33mstroke[39m=[32m"var(--accent-gold)"[39m
                      [33mstroke-linecap[39m=[32m"round"[39m
                      [33mstroke-opacity[39m=[32m"0.5"[39m
                      [33mstroke-width[39m=[32m"1.1"[39m
                    [36m/>[39m
                    [36m<path[39m
                      [33md[39m=[32m"M40.03 56.73L36.77 56.26L33.74 55.45L30.98 54.33L28.49 52.97L26.30 51.39L24.41 49.66L22.83 47.81L21.54 45.88L20.54 43.91L19.83 41.94L19.38 40.00L19.17 38.12L19.19 36.31L19.42 34.62L19.83 33.04L20.39 31.59L21.08 30.29L21.89 29.15L22.78 28.16L23.73 27.32"[39m
                      [33mfill[39m=[32m"none"[39m
                      [33mstroke[39m=[32m"var(--accent-gold)"[39m
                      [33mstroke-linecap[39m=[32m"round"[39m
                      [33mstroke-opacity[39m=[32m"0.8200000000000001"[39m
                      [33mstroke-width[39m=[32m"1.1"[39m
                    [36m/>[39m
                    [36m<path[39m
                      [33md[39m=[32m"M10.97 47.28L10.40 44.03L10.24 40.90L10.44 37.93L10.98 35.14L11.79 32.57L12.86 30.24L14.13 28.16L15.57 26.34L17.13 24.79L18.78 23.50L20.49 22.47L22.22 21.69L23.94 21.15L25.63 20.84L27.25 20.74L28.80 20.83L30.25 21.09L31.59 21.50L32.81 22.04L33.90 22.69"[39m
                      [33mfill[39m=[32m"none"[39m
                      [33mstroke[39m=[32m"var(--accent-gold)"[39m
                      [33mstroke-linecap[39m=[32m"round"[39m
                      [33mstroke-opacity[39m=[32m"0.5"[39m
                      [33mstroke-width[39m=[32m"1.1"[39m
                    [36m/>[39m
                    [36m<path[39m
                      [33md[39m=[32m"M10.97 16.72L13.88 15.18L16.81 14.06L19.70 13.33L22.52 12.98L25.21 12.96L27.76 13.25L30.13 13.82L32.30 14.62L34.27 15.63L36.00 16.80L37.51 18.11L38.78 19.51L39.82 20.98L40.64 22.49L41.24 24.00L41.63 25.50L41.83 26.96L41.86 28.37L41.72 29.69L41.44 30.93"[39m
                      [33mfill[39m=[32m"none"[39m
                      [33mstroke[39m=[32m"var(--accent-gold)"[39m
                      [33mstroke-linecap[39m=[32m"round"[39m
                      [33mstroke-opacity[39m=[32m"0.8200000000000001"[39m
                      [33mstroke-width[39m=[32m"1.1"[39m
                    [36m/>[39m
                    [36m<path[39m
                      [33md[39m=[32m"M40.03 7.27L42.40 9.57L44.37 12.01L45.96 14.54L47.16 17.10L48.01 19.66L48.52 22.17L48.71 24.60L48.62 26.92L48.27 29.10L47.69 31.11L46.91 32.95L45.97 34.59L44.90 36.04L43.72 37.28L42.46 38.32L41.16 39.15L39.83 ...

    [0m [90m 106 |[39m   [36mreturn[39m ([36mawait[39m waitFor(() [33m=>[39m {
     [90m 107 |[39m     [36mconst[39m el [33m=[39m document[33m.[39mquerySelector([32m'section[aria-label="Web AI Guard coverage"]'[39m)
    [31m[1m>[22m[39m[90m 108 |[39m     [36mif[39m ([33m![39mel) [36mthrow[39m [36mnew[39m [33mError[39m([32m"the Web AI Guard coverage panel never rendered"[39m)
     [90m     |[39m                    [31m[1m^[22m[39m
     [90m 109 |[39m     [36mreturn[39m el [36mas[39m [33mHTMLElement[39m
     [90m 110 |[39m   })) [36mas[39m [33mHTMLElement[39m
     [90m 111 |[39m }[0m

      at app/admin/endpoints/__tests__/f40-guard-column-and-footnote.test.tsx:108:20
      at runWithExpensiveErrorDiagnosticsDisabled (node_modules/@testing-library/dom/dist/config.js:47:12)
      at checkCallback (node_modules/@testing-library/dom/dist/wait-for.js:124:77)
      at checkRealTimersCallback (node_modules/@testing-library/dom/dist/wait-for.js:118:16)
      at Timeout.task [as _onTimeout] (node_modules/jsdom/lib/jsdom/browser/Window.js:520:19)

  ● F40-C render — the panel says, in its own voice, what guard health can mean › states it in the empty-fleet branch too, where there is no row to say it for

    the Web AI Guard coverage panel never rendered

    Ignored nodes: comments, script, style
    [36m<html>[39m
      [36m<head />[39m
      [36m<body>[39m
        [36m<div>[39m
          [36m<div[39m
            [33mclass[39m=[32m"space-y-6"[39m
            [33mdata-testid[39m=[32m"coverage-section"[39m
          [36m>[39m
            [36m<p[39m
              [33mclass[39m=[32m"max-w-2xl text-sm text-fg-muted leading-relaxed"[39m
            [36m>[39m
              [0mOne honest coverage truth per machine: exactly which protections are live, derived from what each endpoint actually uses. A machine is flagged only when a tool it uses is unprotected.[0m
            [36m</p>[39m
            [36m<div[39m
              [33mclass[39m=[32m"relative rounded-xl border text-fg transition-colors duration-[var(--dur-base)] border-signal-critical/30 bg-signal-critical/[0.03] p-4"[39m
            [36m>[39m
              [36m<div[39m
                [33mclass[39m=[32m"p-4"[39m
              [36m>[39m
                [36m<div[39m
                  [33mclass[39m=[32m"flex items-start gap-3"[39m
                [36m>[39m
                  [36m<svg[39m
                    [33mclass[39m=[32m"mt-0.5 h-4 w-4 shrink-0 text-signal-critical"[39m
                    [33mfill[39m=[32m"none"[39m
                    [33mstroke[39m=[32m"currentColor"[39m
                    [33mstroke-linecap[39m=[32m"round"[39m
                    [33mstroke-linejoin[39m=[32m"round"[39m
                    [33mstroke-width[39m=[32m"2"[39m
                    [33mviewBox[39m=[32m"0 0 24 24"[39m
                    [33mxmlns[39m=[32m"http://www.w3.org/2000/svg"[39m
                  [36m>[39m
                    [36m<path[39m
                      [33md[39m=[32m"m21.73 18-8-14a2 2 0 0 0-3.48 0l-8 14A2 2 0 0 0 4 21h16a2 2 0 0 0 1.73-3Z"[39m
                    [36m/>[39m
                    [36m<path[39m
                      [33md[39m=[32m"M12 9v4"[39m
                    [36m/>[39m
                    [36m<path[39m
                      [33md[39m=[32m"M12 17h.01"[39m
                    [36m/>[39m
                  [36m</svg>[39m
                  [36m<div>[39m
                    [36m<p[39m
                      [33mclass[39m=[32m"text-sm font-medium text-fg"[39m
                    [36m>[39m
                      [0mGovernance profile truth unavailable[0m
                    [36m</p>[39m
                    [36m<p[39m
                      [33mclass[39m=[32m"mt-1 text-xs leading-relaxed text-fg-muted"[39m
                    [36m>[39m
                      [0mThis deployment cannot prove which protections satisfy the selected profile, so it is not ready for external reliance.[0m
                    [36m</p>[39m
                  [36m</div>[39m
                [36m</div>[39m
              [36m</div>[39m
            [36m</div>[39m
            [36m<div[39m
              [33mclass[39m=[32m"relative rounded-xl border border-border/60 bg-surface-elevated/40 text-fg transition-colors duration-[var(--dur-base)] p-0"[39m
            [36m>[39m
              [36m<div[39m
                [33mclass[39m=[32m"p-4"[39m
              [36m>[39m
                [36m<div[39m
                  [33mclass[39m=[32m"flex min-w-0 flex-1 flex-col items-center justify-center rounded-lg border-dashed p-6 text-center text-balance md:p-12 border-0 bg-transparent py-16 md:py-24 gap-5"[39m
                  [33mdata-density[39m=[32m"page"[39m
                  [33mdata-slot[39m=[32m"empty-no-data"[39m
                [36m>[39m
                  [36m<svg[39m
                    [33maria-hidden[39m=[32m"true"[39m
                    [33mclass[39m=[32m"block"[39m
                    [33mfill[39m=[32m"none"[39m
                    [33mheight[39m=[32m"64"[39m
                    [33mviewBox[39m=[32m"0 0 64 64"[39m
                    [33mwidth[39m=[32m"64"[39m
                  [36m>[39m
                    [36m<circle[39m
                      [33mcx[39m=[32m"32"[39m
                      [33mcy[39m=[32m"32"[39m
                      [33mr[39m=[32m"27"[39m
                      [33mstroke[39m=[32m"var(--accent-gold)"[39m
                      [33mstroke-opacity[39m=[32m"0.28"[39m
                      [33mstroke-width[39m=[32m"1"[39m
                    [36m/>[39m
                    [36m<path[39m
                      [33md[39m=[32m"M58.00 32.00L56.55 34.96L54.84 37.59L52.92 39.88L50.86 41.82L48.68 43.41L46.45 44.67L44.20 45.61L41.97 46.24L39.79 46.58L37.69 46.65L35.71 46.48L33.85 46.09L32.15 45.51L30.60 44.77L29.22 43.90L28.02 42.92L27.00 41.85L26.16 40.73L25.49 39.58L24.99 38.42"[39m
                      [33mfill[39m=[32m"none"[39m
                      [33mstroke[39m=[32m"var(--accent-gold)"[39m
                      [33mstroke-linecap[39m=[32m"round"[39m
                      [33mstroke-opacity[39m=[32m"0.5"[39m
                      [33mstroke-width[39m=[32m"1.1"[39m
                    [36m/>[39m
                    [36m<path[39m
                      [33md[39m=[32m"M40.03 56.73L36.77 56.26L33.74 55.45L30.98 54.33L28.49 52.97L26.30 51.39L24.41 49.66L22.83 47.81L21.54 45.88L20.54 43.91L19.83 41.94L19.38 40.00L19.17 38.12L19.19 36.31L19.42 34.62L19.83 33.04L20.39 31.59L21.08 30.29L21.89 29.15L22.78 28.16L23.73 27.32"[39m
                      [33mfill[39m=[32m"none"[39m
                      [33mstroke[39m=[32m"var(--accent-gold)"[39m
                      [33mstroke-linecap[39m=[32m"round"[39m
                      [33mstroke-opacity[39m=[32m"0.8200000000000001"[39m
                      [33mstroke-width[39m=[32m"1.1"[39m
                    [36m/>[39m
                    [36m<path[39m
                      [33md[39m=[32m"M10.97 47.28L10.40 44.03L10.24 40.90L10.44 37.93L10.98 35.14L11.79 32.57L12.86 30.24L14.13 28.16L15.57 26.34L17.13 24.79L18.78 23.50L20.49 22.47L22.22 21.69L23.94 21.15L25.63 20.84L27.25 20.74L28.80 20.83L30.25 21.09L31.59 21.50L32.81 22.04L33.90 22.69"[39m
                      [33mfill[39m=[32m"none"[39m
                      [33mstroke[39m=[32m"var(--accent-gold)"[39m
                      [33mstroke-linecap[39m=[32m"round"[39m
                      [33mstroke-opacity[39m=[32m"0.5"[39m
                      [33mstroke-width[39m=[32m"1.1"[39m
                    [36m/>[39m
                    [36m<path[39m
                      [33md[39m=[32m"M10.97 16.72L13.88 15.18L16.81 14.06L19.70 13.33L22.52 12.98L25.21 12.96L27.76 13.25L30.13 13.82L32.30 14.62L34.27 15.63L36.00 16.80L37.51 18.11L38.78 19.51L39.82 20.98L40.64 22.49L41.24 24.00L41.63 25.50L41.83 26.96L41.86 28.37L41.72 29.69L41.44 30.93"[39m
                      [33mfill[39m=[32m"none"[39m
                      [33mstroke[39m=[32m"var(--accent-gold)"[39m
                      [33mstroke-linecap[39m=[32m"round"[39m
                      [33mstroke-opacity[39m=[32m"0.8200000000000001"[39m
                      [33mstroke-width[39m=[32m"1.1"[39m
                    [36m/>[39m
                    [36m<path[39m
                      [33md[39m=[32m"M40.03 7.27L42.40 9.57L44.37 12.01L45.96 14.54L47.16 17.10L48.01 19.66L48.52 22.17L48.71 24.60L48.62 26.92L48.27 29.10L47.69 31.11L46.91 32.95L45.97 34.59L44.90 36.04L43.72 37.28L42.46 38.32L41.16 39.15L39.83 39.80L38.50 40.25L37.2...

    [0m [90m 106 |[39m   [36mreturn[39m ([36mawait[39m waitFor(() [33m=>[39m {
     [90m 107 |[39m     [36mconst[39m el [33m=[39m document[33m.[39mquerySelector([32m'section[aria-label="Web AI Guard coverage"]'[39m)
    [31m[1m>[22m[39m[90m 108 |[39m     [36mif[39m ([33m![39mel) [36mthrow[39m [36mnew[39m [33mError[39m([32m"the Web AI Guard coverage panel never rendered"[39m)
     [90m     |[39m                    [31m[1m^[22m[39m
     [90m 109 |[39m     [36mreturn[39m el [36mas[39m [33mHTMLElement[39m
     [90m 110 |[39m   })) [36mas[39m [33mHTMLElement[39m
     [90m 111 |[39m }[0m

      at app/admin/endpoints/__tests__/f40-guard-column-and-footnote.test.tsx:108:20
      at runWithExpensiveErrorDiagnosticsDisabled (node_modules/@testing-library/dom/dist/config.js:47:12)
      at checkCallback (node_modules/@testing-library/dom/dist/wait-for.js:124:77)
      at checkRealTimersCallback (node_modules/@testing-library/dom/dist/wait-for.js:118:16)
      at Timeout.task [as _onTimeout] (node_modules/jsdom/lib/jsdom/browser/Window.js:520:19)

  ● F40-C render — the panel says, in its own voice, what guard health can mean › states it in the empty-fleet branch too, where there is no row to say it for

    TypeError: Cannot read properties of undefined (reading 'then')

    [0m [90m 792 |[39m     [36mif[39m (
     [90m 793 |[39m       capability[33m.[39mid [33m!==[39m id [33m||[39m
    [31m[1m>[22m[39m[90m 794 |[39m       capability[33m.[39mrequired [33m!==[39m required [33m||[39m
     [90m     |[39m             [31m[1m^[22m[39m
     [90m 795 |[39m       capability[33m.[39massurance [33m!==[39m expectedAssurance [33m||[39m
     [90m 796 |[39m       [36mtypeof[39m capability[33m.[39mlabel [33m!==[39m [32m"string"[39m [33m||[39m
     [90m 797 |[39m       [33m![39m[33mCAPABILITY_STATES[39m[33m.[39mhas([33mString[39m(capability[33m.[39mstate)) [33m||[39m[0m

      at app/admin/endpoints/coverage-section.tsx:794:13
      at Object.react_stack_bottom_frame (node_modules/react-dom/cjs/react-dom-client.development.js:25989:20)
      at runWithFiberInDEV (node_modules/react-dom/cjs/react-dom-client.development.js:874:13)
      at commitHookEffectListMount (node_modules/react-dom/cjs/react-dom-client.development.js:13249:29)
      at commitHookPassiveMountEffects (node_modules/react-dom/cjs/react-dom-client.development.js:13336:11)
      at commitPassiveMountOnFiber (node_modules/react-dom/cjs/react-dom-client.development.js:15484:13)
      at recursivelyTraversePassiveMountEffects (node_modules/react-dom/cjs/react-dom-client.development.js:15439:11)
      at commitPassiveMountOnFiber (node_modules/react-dom/cjs/react-dom-client.development.js:15718:11)
      at recursivelyTraversePassiveMountEffects (node_modules/react-dom/cjs/react-dom-client.development.js:15439:11)
      at commitPassiveMountOnFiber (node_modules/react-dom/cjs/react-dom-client.development.js:15476:11)
      at recursivelyTraversePassiveMountEffects (node_modules/react-dom/cjs/react-dom-client.development.js:15439:11)
      at commitPassiveMountOnFiber (node_modules/react-dom/cjs/react-dom-client.development.js:15519:11)
      at flushPassiveEffects (node_modules/react-dom/cjs/react-dom-client.development.js:18432:9)
      at flushPendingEffects (node_modules/react-dom/cjs/react-dom-client.development.js:18358:14)
      at performSyncWorkOnRoot (node_modules/react-dom/cjs/react-dom-client.development.js:18969:11)
      at flushSyncWorkAcrossRoots_impl (node_modules/react-dom/cjs/react-dom-client.development.js:18814:21)
      at flushSyncWork$1 (node_modules/react-dom/cjs/react-dom-client.development.js:16898:12)
      at ReactDOMRoot.Object.<anonymous>.process.env.NODE_ENV.ReactDOMHydrationRoot.unmount.ReactDOMRoot.unmount [as unmount] (node_modules/react-dom/cjs/react-dom-client.development.js:27911:11)
      at Object.unmount (node_modules/@testing-library/react/dist/pure.js:163:12)
      at node_modules/@testing-library/react/dist/pure.js:307:12
      at node_modules/@testing-library/react/dist/act-compat.js:47:24
      at Object.<anonymous>.process.env.NODE_ENV.exports.act (node_modules/react/cjs/react.development.js:814:22)
      at node_modules/@testing-library/react/dist/act-compat.js:46:25
      at node_modules/@testing-library/react/dist/pure.js:306:28
          at Array.forEach (<anonymous>)
      at cleanup (node_modules/@testing-library/react/dist/pure.js:302:22)
      at Object.<anonymous> (node_modules/@testing-library/react/dist/index.js:28:25)

PASS components/admin/policy/__tests__/detector-lifecycle.test.tsx
PASS app/admin/policies/approvals/__tests__/approvals-content.test.tsx
PASS components/admin/policy/__tests__/category-board-lane-residual.test.tsx
  ● Console

    console.log
      ACCOUNTING [uniform] lanes=8+5+11=24 residual=0 total=24

      at components/admin/policy/__tests__/category-board-lane-residual.test.tsx:145:13

    console.log
      ACCOUNTING [one blocked class] lanes=1+6+0=7 residual=29 total=36

      at components/admin/policy/__tests__/category-board-lane-residual.test.tsx:145:13

    console.log
      ACCOUNTING [all folded to Block] lanes=2+0+0=2 residual=32 total=34

      at components/admin/policy/__tests__/category-board-lane-residual.test.tsx:145:13

PASS app/api/ai-control-plane/policy-delivery/__tests__/proxy-routes-exist.test.ts (5.436 s)
PASS app/admin/policies/approvals/__tests__/ai-exceptions-section.test.tsx
PASS components/admin/policy/__tests__/baseline-ladder.test.tsx
PASS components/admin/policy/__tests__/policy-settings-band.test.tsx
PASS app/admin/policies/mcp/__tests__/mcp-policy-page.test.tsx (6.048 s)
PASS components/admin/policy/__tests__/detector-catalogue.test.tsx
PASS components/admin/__tests__/enforced-authority-panel.test.tsx
PASS app/admin/endpoints/__tests__/coverage-missing-summary.test.tsx
PASS app/admin/endpoints/__tests__/cx7-optout-unreadable-runtime.test.tsx
PASS components/admin/ai-security-playground/__tests__/playground-panel.test.tsx
PASS app/endpoints/[hostname]/__tests__/ai-artifact-coverage-row.test.tsx
PASS app/admin/endpoints/__tests__/ai-trust-root-panel.test.tsx
PASS components/admin/policy/__tests__/policy-zone-tabs.test.tsx
PASS app/admin/endpoints/__tests__/ai-canary-fleet-panel.test.tsx
PASS app/admin/__tests__/policy-preset-materialization.test.tsx
PASS components/admin/policy/__tests__/policy-change-summary.test.tsx
PASS components/admin/__tests__/ai-security-policy-dlp-class-parity.test.ts
PASS components/admin/__tests__/policy-page-width-contract.test.tsx
PASS components/admin/policy/__tests__/measured-rate-chips.test.tsx
PASS components/admin/__tests__/certificate-projection.test.tsx
PASS app/admin/__tests__/agent-update-state.test.ts
PASS app/api/ai-control-plane/security-exceptions/__tests__/route.test.ts
PASS app/admin/policy/__tests__/m47-policy-deep-link-baseline.test.tsx
PASS components/admin/__tests__/ai-security-policy-toolrisk-class-parity.test.ts
PASS app/admin/__tests__/agent-uninstall-state.test.ts (8.716 s)
PASS app/api/ai-control-plane/events/[id]/prompt-evidence/reveal/__tests__/route.test.ts
PASS app/api/ai-control-plane/security-policy/prompt-evidence/__tests__/route.test.ts
PASS app/api/ai-control-plane/exceptions/__tests__/route.test.ts
PASS app/api/ai-control-plane/delegated-approvals/__tests__/route.test.ts
PASS app/api/ai-control-plane/delegated-approvals/[id]/presence/__tests__/route.test.ts
PASS app/api/ai-control-plane/security-policy/risk-groups/__tests__/route.test.ts
PASS app/api/ai-control-plane/sessions/[id]/timeline/__tests__/route.test.ts
PASS components/admin/policy/__tests__/category-bucket-board.floor.test.tsx
PASS app/admin/__tests__/policy-delete.sitescope.test.ts
PASS components/admin/__tests__/ai-agent-allowlist-editor.test.tsx (7.448 s)
PASS components/admin/policy/__tests__/phase-u-reduced-motion.test.ts
PASS app/api/ai-control-plane/security-policy/saved/__tests__/route.test.ts
PASS app/api/ai-control-plane/security-policy/__tests__/history-route.test.ts
PASS app/api/ai-control-plane/security-policy/library/apply/__tests__/route.test.ts
PASS app/admin/__tests__/normalize-frontend-user-role.test.tsx
PASS components/admin/__tests__/policy-drift-banner.test.tsx
PASS app/api/ai-control-plane/security-policy/saved/[id]/__tests__/route.test.ts
PASS app/admin/__tests__/endpoint-management-helpers.test.ts
PASS app/api/ai-control-plane/events/[id]/__tests__/route.test.ts
PASS app/api/ai-control-plane/detections/__tests__/route.test.ts
PASS app/api/ai-control-plane/activity/__tests__/route.test.ts
PASS app/admin/__tests__/legacy-redirect.test.ts
PASS components/admin/__tests__/ai-provider-capability.test.ts
PASS components/admin/__tests__/ai-security-secrets-aggregate.test.ts
PASS app/endpoints/__tests__/linux-system-install-command.test.ts
PASS app/admin/__tests__/agentless-remove-endpoint-data.test.ts
PASS app/admin/__tests__/customer-accounts-toast.test.ts
PASS app/admin/__tests__/agent-update-label.test.ts
PASS app/admin/__tests__/agent-activity-helpers.test.ts
PASS app/endpoints/__tests__/endpoint-uninstall-state.test.ts
PASS components/admin/policy/__tests__/ai-board-subgroups.test.ts (7.605 s)
A worker process has failed to exit gracefully and has been force exited. This is likely caused by tests leaking due to improper teardown. Try running with --detectOpenHandles to find leaks. Active timers can also cause this, ensure that .unref() was called on them.

Summary of all failing tests
FAIL app/admin/endpoints/__tests__/f40-guard-column-and-footnote.test.tsx (23.691 s)
  ● F40-C render — the guard-health column is headed, on every fleet › heads the guard-health cell with its own column header, and keeps the header row and the body row aligned

    the Web AI Guard coverage panel never rendered

    Ignored nodes: comments, script, style
    [36m<html>[39m
      [36m<head />[39m
      [36m<body>[39m
        [36m<div>[39m
          [36m<div[39m
            [33mclass[39m=[32m"space-y-6"[39m
            [33mdata-testid[39m=[32m"coverage-section"[39m
          [36m>[39m
            [36m<p[39m
              [33mclass[39m=[32m"max-w-2xl text-sm text-fg-muted leading-relaxed"[39m
            [36m>[39m
              [0mOne honest coverage truth per machine: exactly which protections are live, derived from what each endpoint actually uses. A machine is flagged only when a tool it uses is unprotected.[0m
            [36m</p>[39m
            [36m<div[39m
              [33mclass[39m=[32m"relative rounded-xl border text-fg transition-colors duration-[var(--dur-base)] border-signal-critical/30 bg-signal-critical/[0.03] p-4"[39m
            [36m>[39m
              [36m<div[39m
                [33mclass[39m=[32m"p-4"[39m
              [36m>[39m
                [36m<div[39m
                  [33mclass[39m=[32m"flex items-start gap-3"[39m
                [36m>[39m
                  [36m<svg[39m
                    [33mclass[39m=[32m"mt-0.5 h-4 w-4 shrink-0 text-signal-critical"[39m
                    [33mfill[39m=[32m"none"[39m
                    [33mstroke[39m=[32m"currentColor"[39m
                    [33mstroke-linecap[39m=[32m"round"[39m
                    [33mstroke-linejoin[39m=[32m"round"[39m
                    [33mstroke-width[39m=[32m"2"[39m
                    [33mviewBox[39m=[32m"0 0 24 24"[39m
                    [33mxmlns[39m=[32m"http://www.w3.org/2000/svg"[39m
                  [36m>[39m
                    [36m<path[39m
                      [33md[39m=[32m"m21.73 18-8-14a2 2 0 0 0-3.48 0l-8 14A2 2 0 0 0 4 21h16a2 2 0 0 0 1.73-3Z"[39m
                    [36m/>[39m
                    [36m<path[39m
                      [33md[39m=[32m"M12 9v4"[39m
                    [36m/>[39m
                    [36m<path[39m
                      [33md[39m=[32m"M12 17h.01"[39m
                    [36m/>[39m
                  [36m</svg>[39m
                  [36m<div>[39m
                    [36m<p[39m
                      [33mclass[39m=[32m"text-sm font-medium text-fg"[39m
                    [36m>[39m
                      [0mGovernance profile truth unavailable[0m
                    [36m</p>[39m
                    [36m<p[39m
                      [33mclass[39m=[32m"mt-1 text-xs leading-relaxed text-fg-muted"[39m
                    [36m>[39m
                      [0mThis deployment cannot prove which protections satisfy the selected profile, so it is not ready for external reliance.[0m
                    [36m</p>[39m
                  [36m</div>[39m
                [36m</div>[39m
              [36m</div>[39m
            [36m</div>[39m
            [36m<div[39m
              [33mclass[39m=[32m"relative rounded-xl border border-border/60 bg-surface-elevated/40 text-fg transition-colors duration-[var(--dur-base)] p-0"[39m
            [36m>[39m
              [36m<div[39m
                [33mclass[39m=[32m"p-4"[39m
              [36m>[39m
                [36m<div[39m
                  [33mclass[39m=[32m"flex min-w-0 flex-1 flex-col items-center justify-center rounded-lg border-dashed p-6 text-center text-balance md:p-12 border-0 bg-transparent py-16 md:py-24 gap-5"[39m
                  [33mdata-density[39m=[32m"page"[39m
                  [33mdata-slot[39m=[32m"empty-no-data"[39m
                [36m>[39m
                  [36m<svg[39m
                    [33maria-hidden[39m=[32m"true"[39m
                    [33mclass[39m=[32m"block"[39m
                    [33mfill[39m=[32m"none"[39m
                    [33mheight[39m=[32m"64"[39m
                    [33mviewBox[39m=[32m"0 0 64 64"[39m
                    [33mwidth[39m=[32m"64"[39m
                  [36m>[39m
                    [36m<circle[39m
                      [33mcx[39m=[32m"32"[39m
                      [33mcy[39m=[32m"32"[39m
                      [33mr[39m=[32m"27"[39m
                      [33mstroke[39m=[32m"var(--accent-gold)"[39m
                      [33mstroke-opacity[39m=[32m"0.28"[39m
                      [33mstroke-width[39m=[32m"1"[39m
                    [36m/>[39m
                    [36m<path[39m
                      [33md[39m=[32m"M58.00 32.00L56.55 34.96L54.84 37.59L52.92 39.88L50.86 41.82L48.68 43.41L46.45 44.67L44.20 45.61L41.97 46.24L39.79 46.58L37.69 46.65L35.71 46.48L33.85 46.09L32.15 45.51L30.60 44.77L29.22 43.90L28.02 42.92L27.00 41.85L26.16 40.73L25.49 39.58L24.99 38.42"[39m
                      [33mfill[39m=[32m"none"[39m
                      [33mstroke[39m=[32m"var(--accent-gold)"[39m
                      [33mstroke-linecap[39m=[32m"round"[39m
                      [33mstroke-opacity[39m=[32m"0.5"[39m
                      [33mstroke-width[39m=[32m"1.1"[39m
                    [36m/>[39m
                    [36m<path[39m
                      [33md[39m=[32m"M40.03 56.73L36.77 56.26L33.74 55.45L30.98 54.33L28.49 52.97L26.30 51.39L24.41 49.66L22.83 47.81L21.54 45.88L20.54 43.91L19.83 41.94L19.38 40.00L19.17 38.12L19.19 36.31L19.42 34.62L19.83 33.04L20.39 31.59L21.08 30.29L21.89 29.15L22.78 28.16L23.73 27.32"[39m
                      [33mfill[39m=[32m"none"[39m
                      [33mstroke[39m=[32m"var(--accent-gold)"[39m
                      [33mstroke-linecap[39m=[32m"round"[39m
                      [33mstroke-opacity[39m=[32m"0.8200000000000001"[39m
                      [33mstroke-width[39m=[32m"1.1"[39m
                    [36m/>[39m
                    [36m<path[39m
                      [33md[39m=[32m"M10.97 47.28L10.40 44.03L10.24 40.90L10.44 37.93L10.98 35.14L11.79 32.57L12.86 30.24L14.13 28.16L15.57 26.34L17.13 24.79L18.78 23.50L20.49 22.47L22.22 21.69L23.94 21.15L25.63 20.84L27.25 20.74L28.80 20.83L30.25 21.09L31.59 21.50L32.81 22.04L33.90 22.69"[39m
                      [33mfill[39m=[32m"none"[39m
                      [33mstroke[39m=[32m"var(--accent-gold)"[39m
                      [33mstroke-linecap[39m=[32m"round"[39m
                      [33mstroke-opacity[39m=[32m"0.5"[39m
                      [33mstroke-width[39m=[32m"1.1"[39m
                    [36m/>[39m
                    [36m<path[39m
                      [33md[39m=[32m"M10.97 16.72L13.88 15.18L16.81 14.06L19.70 13.33L22.52 12.98L25.21 12.96L27.76 13.25L30.13 13.82L32.30 14.62L34.27 15.63L36.00 16.80L37.51 18.11L38.78 19.51L39.82 20.98L40.64 22.49L41.24 24.00L41.63 25.50L41.83 26.96L41.86 28.37L41.72 29.69L41.44 30.93"[39m
                      [33mfill[39m=[32m"none"[39m
                      [33mstroke[39m=[32m"var(--accent-gold)"[39m
                      [33mstroke-linecap[39m=[32m"round"[39m
                      [33mstroke-opacity[39m=[32m"0.8200000000000001"[39m
                      [33mstroke-width[39m=[32m"1.1"[39m
                    [36m/>[39m
                    [36m<path[39m
                      [33md[39m=[32m"M40.03 7.27L42.40 9.57L44.37 12.01L45.96 14.54L47.16 17.10L48.01 19.66L48.52 22.17L48.71 24.60L48.62 26.92L48.27 29.10L47.69 31.11L46.91 32.95L45.97 34.59L44.90 36.04L43.72 37.28L42.46 38.32L41.16 39.15L39.83 39.80L38.50 40.25L37.2...

    [0m [90m 106 |[39m   [36mreturn[39m ([36mawait[39m waitFor(() [33m=>[39m {
     [90m 107 |[39m     [36mconst[39m el [33m=[39m document[33m.[39mquerySelector([32m'section[aria-label="Web AI Guard coverage"]'[39m)
    [31m[1m>[22m[39m[90m 108 |[39m     [36mif[39m ([33m![39mel) [36mthrow[39m [36mnew[39m [33mError[39m([32m"the Web AI Guard coverage panel never rendered"[39m)
     [90m     |[39m                    [31m[1m^[22m[39m
     [90m 109 |[39m     [36mreturn[39m el [36mas[39m [33mHTMLElement[39m
     [90m 110 |[39m   })) [36mas[39m [33mHTMLElement[39m
     [90m 111 |[39m }[0m

      at app/admin/endpoints/__tests__/f40-guard-column-and-footnote.test.tsx:108:20
      at runWithExpensiveErrorDiagnosticsDisabled (node_modules/@testing-library/dom/dist/config.js:47:12)
      at checkCallback (node_modules/@testing-library/dom/dist/wait-for.js:124:77)
      at checkRealTimersCallback (node_modules/@testing-library/dom/dist/wait-for.js:118:16)
      at Timeout.task [as _onTimeout] (node_modules/jsdom/lib/jsdom/browser/Window.js:520:19)

  ● F40-C render — the guard-health column is headed, on every fleet › heads the guard-health cell with its own column header, and keeps the header row and the body row aligned

    TypeError: Cannot read properties of undefined (reading 'then')

    [0m [90m 792 |[39m     [36mif[39m (
     [90m 793 |[39m       capability[33m.[39mid [33m!==[39m id [33m||[39m
    [31m[1m>[22m[39m[90m 794 |[39m       capability[33m.[39mrequired [33m!==[39m required [33m||[39m
     [90m     |[39m             [31m[1m^[22m[39m
     [90m 795 |[39m       capability[33m.[39massurance [33m!==[39m expectedAssurance [33m||[39m
     [90m 796 |[39m       [36mtypeof[39m capability[33m.[39mlabel [33m!==[39m [32m"string"[39m [33m||[39m
     [90m 797 |[39m       [33m![39m[33mCAPABILITY_STATES[39m[33m.[39mhas([33mString[39m(capability[33m.[39mstate)) [33m||[39m[0m

      at app/admin/endpoints/coverage-section.tsx:794:13
      at Object.react_stack_bottom_frame (node_modules/react-dom/cjs/react-dom-client.development.js:25989:20)
      at runWithFiberInDEV (node_modules/react-dom/cjs/react-dom-client.development.js:874:13)
      at commitHookEffectListMount (node_modules/react-dom/cjs/react-dom-client.development.js:13249:29)
      at commitHookPassiveMountEffects (node_modules/react-dom/cjs/react-dom-client.development.js:13336:11)
      at commitPassiveMountOnFiber (node_modules/react-dom/cjs/react-dom-client.development.js:15484:13)
      at recursivelyTraversePassiveMountEffects (node_modules/react-dom/cjs/react-dom-client.development.js:15439:11)
      at commitPassiveMountOnFiber (node_modules/react-dom/cjs/react-dom-client.development.js:15718:11)
      at recursivelyTraversePassiveMountEffects (node_modules/react-dom/cjs/react-dom-client.development.js:15439:11)
      at commitPassiveMountOnFiber (node_modules/react-dom/cjs/react-dom-client.development.js:15476:11)
      at recursivelyTraversePassiveMountEffects (node_modules/react-dom/cjs/react-dom-client.development.js:15439:11)
      at commitPassiveMountOnFiber (node_modules/react-dom/cjs/react-dom-client.development.js:15519:11)
      at flushPassiveEffects (node_modules/react-dom/cjs/react-dom-client.development.js:18432:9)
      at flushPendingEffects (node_modules/react-dom/cjs/react-dom-client.development.js:18358:14)
      at performSyncWorkOnRoot (node_modules/react-dom/cjs/react-dom-client.development.js:18969:11)
      at flushSyncWorkAcrossRoots_impl (node_modules/react-dom/cjs/react-dom-client.development.js:18814:21)
      at flushSyncWork$1 (node_modules/react-dom/cjs/react-dom-client.development.js:16898:12)
      at ReactDOMRoot.Object.<anonymous>.process.env.NODE_ENV.ReactDOMHydrationRoot.unmount.ReactDOMRoot.unmount [as unmount] (node_modules/react-dom/cjs/react-dom-client.development.js:27911:11)
      at Object.unmount (node_modules/@testing-library/react/dist/pure.js:163:12)
      at node_modules/@testing-library/react/dist/pure.js:307:12
      at node_modules/@testing-library/react/dist/act-compat.js:47:24
      at Object.<anonymous>.process.env.NODE_ENV.exports.act (node_modules/react/cjs/react.development.js:814:22)
      at node_modules/@testing-library/react/dist/act-compat.js:46:25
      at node_modules/@testing-library/react/dist/pure.js:306:28
          at Array.forEach (<anonymous>)
      at cleanup (node_modules/@testing-library/react/dist/pure.js:302:22)
      at Object.<anonymous> (node_modules/@testing-library/react/dist/index.js:28:25)

  ● F40-C render — the panel says, in its own voice, what guard health can mean › states the guard rule in the words the rows themselves use: endpoint-reported, never inferred, absence never a pass

    the Web AI Guard coverage panel never rendered

    Ignored nodes: comments, script, style
    [36m<html>[39m
      [36m<head />[39m
      [36m<body>[39m
        [36m<div />[39m
        [36m<div>[39m
          [36m<div[39m
            [33mclass[39m=[32m"space-y-6"[39m
            [33mdata-testid[39m=[32m"coverage-section"[39m
          [36m>[39m
            [36m<p[39m
              [33mclass[39m=[32m"max-w-2xl text-sm text-fg-muted leading-relaxed"[39m
            [36m>[39m
              [0mOne honest coverage truth per machine: exactly which protections are live, derived from what each endpoint actually uses. A machine is flagged only when a tool it uses is unprotected.[0m
            [36m</p>[39m
            [36m<div[39m
              [33mclass[39m=[32m"relative rounded-xl border text-fg transition-colors duration-[var(--dur-base)] border-signal-critical/30 bg-signal-critical/[0.03] p-4"[39m
            [36m>[39m
              [36m<div[39m
                [33mclass[39m=[32m"p-4"[39m
              [36m>[39m
                [36m<div[39m
                  [33mclass[39m=[32m"flex items-start gap-3"[39m
                [36m>[39m
                  [36m<svg[39m
                    [33mclass[39m=[32m"mt-0.5 h-4 w-4 shrink-0 text-signal-critical"[39m
                    [33mfill[39m=[32m"none"[39m
                    [33mstroke[39m=[32m"currentColor"[39m
                    [33mstroke-linecap[39m=[32m"round"[39m
                    [33mstroke-linejoin[39m=[32m"round"[39m
                    [33mstroke-width[39m=[32m"2"[39m
                    [33mviewBox[39m=[32m"0 0 24 24"[39m
                    [33mxmlns[39m=[32m"http://www.w3.org/2000/svg"[39m
                  [36m>[39m
                    [36m<path[39m
                      [33md[39m=[32m"m21.73 18-8-14a2 2 0 0 0-3.48 0l-8 14A2 2 0 0 0 4 21h16a2 2 0 0 0 1.73-3Z"[39m
                    [36m/>[39m
                    [36m<path[39m
                      [33md[39m=[32m"M12 9v4"[39m
                    [36m/>[39m
                    [36m<path[39m
                      [33md[39m=[32m"M12 17h.01"[39m
                    [36m/>[39m
                  [36m</svg>[39m
                  [36m<div>[39m
                    [36m<p[39m
                      [33mclass[39m=[32m"text-sm font-medium text-fg"[39m
                    [36m>[39m
                      [0mGovernance profile truth unavailable[0m
                    [36m</p>[39m
                    [36m<p[39m
                      [33mclass[39m=[32m"mt-1 text-xs leading-relaxed text-fg-muted"[39m
                    [36m>[39m
                      [0mThis deployment cannot prove which protections satisfy the selected profile, so it is not ready for external reliance.[0m
                    [36m</p>[39m
                  [36m</div>[39m
                [36m</div>[39m
              [36m</div>[39m
            [36m</div>[39m
            [36m<div[39m
              [33mclass[39m=[32m"relative rounded-xl border border-border/60 bg-surface-elevated/40 text-fg transition-colors duration-[var(--dur-base)] p-0"[39m
            [36m>[39m
              [36m<div[39m
                [33mclass[39m=[32m"p-4"[39m
              [36m>[39m
                [36m<div[39m
                  [33mclass[39m=[32m"flex min-w-0 flex-1 flex-col items-center justify-center rounded-lg border-dashed p-6 text-center text-balance md:p-12 border-0 bg-transparent py-16 md:py-24 gap-5"[39m
                  [33mdata-density[39m=[32m"page"[39m
                  [33mdata-slot[39m=[32m"empty-no-data"[39m
                [36m>[39m
                  [36m<svg[39m
                    [33maria-hidden[39m=[32m"true"[39m
                    [33mclass[39m=[32m"block"[39m
                    [33mfill[39m=[32m"none"[39m
                    [33mheight[39m=[32m"64"[39m
                    [33mviewBox[39m=[32m"0 0 64 64"[39m
                    [33mwidth[39m=[32m"64"[39m
                  [36m>[39m
                    [36m<circle[39m
                      [33mcx[39m=[32m"32"[39m
                      [33mcy[39m=[32m"32"[39m
                      [33mr[39m=[32m"27"[39m
                      [33mstroke[39m=[32m"var(--accent-gold)"[39m
                      [33mstroke-opacity[39m=[32m"0.28"[39m
                      [33mstroke-width[39m=[32m"1"[39m
                    [36m/>[39m
                    [36m<path[39m
                      [33md[39m=[32m"M58.00 32.00L56.55 34.96L54.84 37.59L52.92 39.88L50.86 41.82L48.68 43.41L46.45 44.67L44.20 45.61L41.97 46.24L39.79 46.58L37.69 46.65L35.71 46.48L33.85 46.09L32.15 45.51L30.60 44.77L29.22 43.90L28.02 42.92L27.00 41.85L26.16 40.73L25.49 39.58L24.99 38.42"[39m
                      [33mfill[39m=[32m"none"[39m
                      [33mstroke[39m=[32m"var(--accent-gold)"[39m
                      [33mstroke-linecap[39m=[32m"round"[39m
                      [33mstroke-opacity[39m=[32m"0.5"[39m
                      [33mstroke-width[39m=[32m"1.1"[39m
                    [36m/>[39m
                    [36m<path[39m
                      [33md[39m=[32m"M40.03 56.73L36.77 56.26L33.74 55.45L30.98 54.33L28.49 52.97L26.30 51.39L24.41 49.66L22.83 47.81L21.54 45.88L20.54 43.91L19.83 41.94L19.38 40.00L19.17 38.12L19.19 36.31L19.42 34.62L19.83 33.04L20.39 31.59L21.08 30.29L21.89 29.15L22.78 28.16L23.73 27.32"[39m
                      [33mfill[39m=[32m"none"[39m
                      [33mstroke[39m=[32m"var(--accent-gold)"[39m
                      [33mstroke-linecap[39m=[32m"round"[39m
                      [33mstroke-opacity[39m=[32m"0.8200000000000001"[39m
                      [33mstroke-width[39m=[32m"1.1"[39m
                    [36m/>[39m
                    [36m<path[39m
                      [33md[39m=[32m"M10.97 47.28L10.40 44.03L10.24 40.90L10.44 37.93L10.98 35.14L11.79 32.57L12.86 30.24L14.13 28.16L15.57 26.34L17.13 24.79L18.78 23.50L20.49 22.47L22.22 21.69L23.94 21.15L25.63 20.84L27.25 20.74L28.80 20.83L30.25 21.09L31.59 21.50L32.81 22.04L33.90 22.69"[39m
                      [33mfill[39m=[32m"none"[39m
                      [33mstroke[39m=[32m"var(--accent-gold)"[39m
                      [33mstroke-linecap[39m=[32m"round"[39m
                      [33mstroke-opacity[39m=[32m"0.5"[39m
                      [33mstroke-width[39m=[32m"1.1"[39m
                    [36m/>[39m
                    [36m<path[39m
                      [33md[39m=[32m"M10.97 16.72L13.88 15.18L16.81 14.06L19.70 13.33L22.52 12.98L25.21 12.96L27.76 13.25L30.13 13.82L32.30 14.62L34.27 15.63L36.00 16.80L37.51 18.11L38.78 19.51L39.82 20.98L40.64 22.49L41.24 24.00L41.63 25.50L41.83 26.96L41.86 28.37L41.72 29.69L41.44 30.93"[39m
                      [33mfill[39m=[32m"none"[39m
                      [33mstroke[39m=[32m"var(--accent-gold)"[39m
                      [33mstroke-linecap[39m=[32m"round"[39m
                      [33mstroke-opacity[39m=[32m"0.8200000000000001"[39m
                      [33mstroke-width[39m=[32m"1.1"[39m
                    [36m/>[39m
                    [36m<path[39m
                      [33md[39m=[32m"M40.03 7.27L42.40 9.57L44.37 12.01L45.96 14.54L47.16 17.10L48.01 19.66L48.52 22.17L48.71 24.60L48.62 26.92L48.27 29.10L47.69 31.11L46.91 32.95L45.97 34.59L44.90 36.04L43.72 37.28L42.46 38.32L41.16 39.15L39.83 ...

    [0m [90m 106 |[39m   [36mreturn[39m ([36mawait[39m waitFor(() [33m=>[39m {
     [90m 107 |[39m     [36mconst[39m el [33m=[39m document[33m.[39mquerySelector([32m'section[aria-label="Web AI Guard coverage"]'[39m)
    [31m[1m>[22m[39m[90m 108 |[39m     [36mif[39m ([33m![39mel) [36mthrow[39m [36mnew[39m [33mError[39m([32m"the Web AI Guard coverage panel never rendered"[39m)
     [90m     |[39m                    [31m[1m^[22m[39m
     [90m 109 |[39m     [36mreturn[39m el [36mas[39m [33mHTMLElement[39m
     [90m 110 |[39m   })) [36mas[39m [33mHTMLElement[39m
     [90m 111 |[39m }[0m

      at app/admin/endpoints/__tests__/f40-guard-column-and-footnote.test.tsx:108:20
      at runWithExpensiveErrorDiagnosticsDisabled (node_modules/@testing-library/dom/dist/config.js:47:12)
      at checkCallback (node_modules/@testing-library/dom/dist/wait-for.js:124:77)
      at checkRealTimersCallback (node_modules/@testing-library/dom/dist/wait-for.js:118:16)
      at Timeout.task [as _onTimeout] (node_modules/jsdom/lib/jsdom/browser/Window.js:520:19)

  ● F40-C render — the panel says, in its own voice, what guard health can mean › states it in the empty-fleet branch too, where there is no row to say it for

    the Web AI Guard coverage panel never rendered

    Ignored nodes: comments, script, style
    [36m<html>[39m
      [36m<head />[39m
      [36m<body>[39m
        [36m<div>[39m
          [36m<div[39m
            [33mclass[39m=[32m"space-y-6"[39m
            [33mdata-testid[39m=[32m"coverage-section"[39m
          [36m>[39m
            [36m<p[39m
              [33mclass[39m=[32m"max-w-2xl text-sm text-fg-muted leading-relaxed"[39m
            [36m>[39m
              [0mOne honest coverage truth per machine: exactly which protections are live, derived from what each endpoint actually uses. A machine is flagged only when a tool it uses is unprotected.[0m
            [36m</p>[39m
            [36m<div[39m
              [33mclass[39m=[32m"relative rounded-xl border text-fg transition-colors duration-[var(--dur-base)] border-signal-critical/30 bg-signal-critical/[0.03] p-4"[39m
            [36m>[39m
              [36m<div[39m
                [33mclass[39m=[32m"p-4"[39m
              [36m>[39m
                [36m<div[39m
                  [33mclass[39m=[32m"flex items-start gap-3"[39m
                [36m>[39m
                  [36m<svg[39m
                    [33mclass[39m=[32m"mt-0.5 h-4 w-4 shrink-0 text-signal-critical"[39m
                    [33mfill[39m=[32m"none"[39m
                    [33mstroke[39m=[32m"currentColor"[39m
                    [33mstroke-linecap[39m=[32m"round"[39m
                    [33mstroke-linejoin[39m=[32m"round"[39m
                    [33mstroke-width[39m=[32m"2"[39m
                    [33mviewBox[39m=[32m"0 0 24 24"[39m
                    [33mxmlns[39m=[32m"http://www.w3.org/2000/svg"[39m
                  [36m>[39m
                    [36m<path[39m
                      [33md[39m=[32m"m21.73 18-8-14a2 2 0 0 0-3.48 0l-8 14A2 2 0 0 0 4 21h16a2 2 0 0 0 1.73-3Z"[39m
                    [36m/>[39m
                    [36m<path[39m
                      [33md[39m=[32m"M12 9v4"[39m
                    [36m/>[39m
                    [36m<path[39m
                      [33md[39m=[32m"M12 17h.01"[39m
                    [36m/>[39m
                  [36m</svg>[39m
                  [36m<div>[39m
                    [36m<p[39m
                      [33mclass[39m=[32m"text-sm font-medium text-fg"[39m
                    [36m>[39m
                      [0mGovernance profile truth unavailable[0m
                    [36m</p>[39m
                    [36m<p[39m
                      [33mclass[39m=[32m"mt-1 text-xs leading-relaxed text-fg-muted"[39m
                    [36m>[39m
                      [0mThis deployment cannot prove which protections satisfy the selected profile, so it is not ready for external reliance.[0m
                    [36m</p>[39m
                  [36m</div>[39m
                [36m</div>[39m
              [36m</div>[39m
            [36m</div>[39m
            [36m<div[39m
              [33mclass[39m=[32m"relative rounded-xl border border-border/60 bg-surface-elevated/40 text-fg transition-colors duration-[var(--dur-base)] p-0"[39m
            [36m>[39m
              [36m<div[39m
                [33mclass[39m=[32m"p-4"[39m
              [36m>[39m
                [36m<div[39m
                  [33mclass[39m=[32m"flex min-w-0 flex-1 flex-col items-center justify-center rounded-lg border-dashed p-6 text-center text-balance md:p-12 border-0 bg-transparent py-16 md:py-24 gap-5"[39m
                  [33mdata-density[39m=[32m"page"[39m
                  [33mdata-slot[39m=[32m"empty-no-data"[39m
                [36m>[39m
                  [36m<svg[39m
                    [33maria-hidden[39m=[32m"true"[39m
                    [33mclass[39m=[32m"block"[39m
                    [33mfill[39m=[32m"none"[39m
                    [33mheight[39m=[32m"64"[39m
                    [33mviewBox[39m=[32m"0 0 64 64"[39m
                    [33mwidth[39m=[32m"64"[39m
                  [36m>[39m
                    [36m<circle[39m
                      [33mcx[39m=[32m"32"[39m
                      [33mcy[39m=[32m"32"[39m
                      [33mr[39m=[32m"27"[39m
                      [33mstroke[39m=[32m"var(--accent-gold)"[39m
                      [33mstroke-opacity[39m=[32m"0.28"[39m
                      [33mstroke-width[39m=[32m"1"[39m
                    [36m/>[39m
                    [36m<path[39m
                      [33md[39m=[32m"M58.00 32.00L56.55 34.96L54.84 37.59L52.92 39.88L50.86 41.82L48.68 43.41L46.45 44.67L44.20 45.61L41.97 46.24L39.79 46.58L37.69 46.65L35.71 46.48L33.85 46.09L32.15 45.51L30.60 44.77L29.22 43.90L28.02 42.92L27.00 41.85L26.16 40.73L25.49 39.58L24.99 38.42"[39m
                      [33mfill[39m=[32m"none"[39m
                      [33mstroke[39m=[32m"var(--accent-gold)"[39m
                      [33mstroke-linecap[39m=[32m"round"[39m
                      [33mstroke-opacity[39m=[32m"0.5"[39m
                      [33mstroke-width[39m=[32m"1.1"[39m
                    [36m/>[39m
                    [36m<path[39m
                      [33md[39m=[32m"M40.03 56.73L36.77 56.26L33.74 55.45L30.98 54.33L28.49 52.97L26.30 51.39L24.41 49.66L22.83 47.81L21.54 45.88L20.54 43.91L19.83 41.94L19.38 40.00L19.17 38.12L19.19 36.31L19.42 34.62L19.83 33.04L20.39 31.59L21.08 30.29L21.89 29.15L22.78 28.16L23.73 27.32"[39m
                      [33mfill[39m=[32m"none"[39m
                      [33mstroke[39m=[32m"var(--accent-gold)"[39m
                      [33mstroke-linecap[39m=[32m"round"[39m
                      [33mstroke-opacity[39m=[32m"0.8200000000000001"[39m
                      [33mstroke-width[39m=[32m"1.1"[39m
                    [36m/>[39m
                    [36m<path[39m
                      [33md[39m=[32m"M10.97 47.28L10.40 44.03L10.24 40.90L10.44 37.93L10.98 35.14L11.79 32.57L12.86 30.24L14.13 28.16L15.57 26.34L17.13 24.79L18.78 23.50L20.49 22.47L22.22 21.69L23.94 21.15L25.63 20.84L27.25 20.74L28.80 20.83L30.25 21.09L31.59 21.50L32.81 22.04L33.90 22.69"[39m
                      [33mfill[39m=[32m"none"[39m
                      [33mstroke[39m=[32m"var(--accent-gold)"[39m
                      [33mstroke-linecap[39m=[32m"round"[39m
                      [33mstroke-opacity[39m=[32m"0.5"[39m
                      [33mstroke-width[39m=[32m"1.1"[39m
                    [36m/>[39m
                    [36m<path[39m
                      [33md[39m=[32m"M10.97 16.72L13.88 15.18L16.81 14.06L19.70 13.33L22.52 12.98L25.21 12.96L27.76 13.25L30.13 13.82L32.30 14.62L34.27 15.63L36.00 16.80L37.51 18.11L38.78 19.51L39.82 20.98L40.64 22.49L41.24 24.00L41.63 25.50L41.83 26.96L41.86 28.37L41.72 29.69L41.44 30.93"[39m
                      [33mfill[39m=[32m"none"[39m
                      [33mstroke[39m=[32m"var(--accent-gold)"[39m
                      [33mstroke-linecap[39m=[32m"round"[39m
                      [33mstroke-opacity[39m=[32m"0.8200000000000001"[39m
                      [33mstroke-width[39m=[32m"1.1"[39m
                    [36m/>[39m
                    [36m<path[39m
                      [33md[39m=[32m"M40.03 7.27L42.40 9.57L44.37 12.01L45.96 14.54L47.16 17.10L48.01 19.66L48.52 22.17L48.71 24.60L48.62 26.92L48.27 29.10L47.69 31.11L46.91 32.95L45.97 34.59L44.90 36.04L43.72 37.28L42.46 38.32L41.16 39.15L39.83 39.80L38.50 40.25L37.2...

    [0m [90m 106 |[39m   [36mreturn[39m ([36mawait[39m waitFor(() [33m=>[39m {
     [90m 107 |[39m     [36mconst[39m el [33m=[39m document[33m.[39mquerySelector([32m'section[aria-label="Web AI Guard coverage"]'[39m)
    [31m[1m>[22m[39m[90m 108 |[39m     [36mif[39m ([33m![39mel) [36mthrow[39m [36mnew[39m [33mError[39m([32m"the Web AI Guard coverage panel never rendered"[39m)
     [90m     |[39m                    [31m[1m^[22m[39m
     [90m 109 |[39m     [36mreturn[39m el [36mas[39m [33mHTMLElement[39m
     [90m 110 |[39m   })) [36mas[39m [33mHTMLElement[39m
     [90m 111 |[39m }[0m

      at app/admin/endpoints/__tests__/f40-guard-column-and-footnote.test.tsx:108:20
      at runWithExpensiveErrorDiagnosticsDisabled (node_modules/@testing-library/dom/dist/config.js:47:12)
      at checkCallback (node_modules/@testing-library/dom/dist/wait-for.js:124:77)
      at checkRealTimersCallback (node_modules/@testing-library/dom/dist/wait-for.js:118:16)
      at Timeout.task [as _onTimeout] (node_modules/jsdom/lib/jsdom/browser/Window.js:520:19)

  ● F40-C render — the panel says, in its own voice, what guard health can mean › states it in the empty-fleet branch too, where there is no row to say it for

    TypeError: Cannot read properties of undefined (reading 'then')

    [0m [90m 792 |[39m     [36mif[39m (
     [90m 793 |[39m       capability[33m.[39mid [33m!==[39m id [33m||[39m
    [31m[1m>[22m[39m[90m 794 |[39m       capability[33m.[39mrequired [33m!==[39m required [33m||[39m
     [90m     |[39m             [31m[1m^[22m[39m
     [90m 795 |[39m       capability[33m.[39massurance [33m!==[39m expectedAssurance [33m||[39m
     [90m 796 |[39m       [36mtypeof[39m capability[33m.[39mlabel [33m!==[39m [32m"string"[39m [33m||[39m
     [90m 797 |[39m       [33m![39m[33mCAPABILITY_STATES[39m[33m.[39mhas([33mString[39m(capability[33m.[39mstate)) [33m||[39m[0m

      at app/admin/endpoints/coverage-section.tsx:794:13
      at Object.react_stack_bottom_frame (node_modules/react-dom/cjs/react-dom-client.development.js:25989:20)
      at runWithFiberInDEV (node_modules/react-dom/cjs/react-dom-client.development.js:874:13)
      at commitHookEffectListMount (node_modules/react-dom/cjs/react-dom-client.development.js:13249:29)
      at commitHookPassiveMountEffects (node_modules/react-dom/cjs/react-dom-client.development.js:13336:11)
      at commitPassiveMountOnFiber (node_modules/react-dom/cjs/react-dom-client.development.js:15484:13)
      at recursivelyTraversePassiveMountEffects (node_modules/react-dom/cjs/react-dom-client.development.js:15439:11)
      at commitPassiveMountOnFiber (node_modules/react-dom/cjs/react-dom-client.development.js:15718:11)
      at recursivelyTraversePassiveMountEffects (node_modules/react-dom/cjs/react-dom-client.development.js:15439:11)
      at commitPassiveMountOnFiber (node_modules/react-dom/cjs/react-dom-client.development.js:15476:11)
      at recursivelyTraversePassiveMountEffects (node_modules/react-dom/cjs/react-dom-client.development.js:15439:11)
      at commitPassiveMountOnFiber (node_modules/react-dom/cjs/react-dom-client.development.js:15519:11)
      at flushPassiveEffects (node_modules/react-dom/cjs/react-dom-client.development.js:18432:9)
      at flushPendingEffects (node_modules/react-dom/cjs/react-dom-client.development.js:18358:14)
      at performSyncWorkOnRoot (node_modules/react-dom/cjs/react-dom-client.development.js:18969:11)
      at flushSyncWorkAcrossRoots_impl (node_modules/react-dom/cjs/react-dom-client.development.js:18814:21)
      at flushSyncWork$1 (node_modules/react-dom/cjs/react-dom-client.development.js:16898:12)
      at ReactDOMRoot.Object.<anonymous>.process.env.NODE_ENV.ReactDOMHydrationRoot.unmount.ReactDOMRoot.unmount [as unmount] (node_modules/react-dom/cjs/react-dom-client.development.js:27911:11)
      at Object.unmount (node_modules/@testing-library/react/dist/pure.js:163:12)
      at node_modules/@testing-library/react/dist/pure.js:307:12
      at node_modules/@testing-library/react/dist/act-compat.js:47:24
      at Object.<anonymous>.process.env.NODE_ENV.exports.act (node_modules/react/cjs/react.development.js:814:22)
      at node_modules/@testing-library/react/dist/act-compat.js:46:25
      at node_modules/@testing-library/react/dist/pure.js:306:28
          at Array.forEach (<anonymous>)
      at cleanup (node_modules/@testing-library/react/dist/pure.js:302:22)
      at Object.<anonymous> (node_modules/@testing-library/react/dist/index.js:28:25)


Test Suites: 1 failed, 134 passed, 135 total
Tests:       3 failed, 1 skipped, 1253 passed, 1257 total
Snapshots:   0 total
Time:        270.594 s
Ran all test suites matching /app\\endpoints|app\\admin|components\\admin|app\\api\\ai-control-plane/i.
jest_rc=1
