PASS app/admin/__tests__/uninstall-endpoint-modal.test.tsx (9.657 s)
PASS components/admin/__tests__/ai-security-policy-calm.test.tsx
PASS components/admin/policy/__tests__/category-bucket-board.a11y.test.tsx (14.431 s)
PASS components/admin/__tests__/ai-security-policy-rollout-ring.test.tsx
PASS components/admin/__tests__/ai-security-policy-toolrisk.test.tsx
PASS components/admin/__tests__/ai-security-policy-prompt-evidence-write-bounds.test.tsx
PASS components/admin/__tests__/ai-security-disposition-board-mount.test.tsx
PASS app/admin/endpoints/__tests__/agents-stats-on-error.test.tsx
PASS components/admin/__tests__/ai-security-risk-groups-section.test.tsx (21.636 s)
PASS app/admin/endpoints/__tests__/agents-wire-text.test.tsx
PASS app/admin/policies/approvals/__tests__/action-approvals-section.test.tsx
PASS app/endpoints/__tests__/ai-plane-read-failure.test.tsx
PASS app/endpoints/__tests__/endpoint-hub-freshness.test.tsx
PASS app/admin/users/__tests__/users-content-states.test.tsx
PASS app/admin/endpoints/__tests__/agents-error-state.test.tsx
PASS components/admin/__tests__/ai-security-policy-section.test.tsx
PASS components/admin/__tests__/prompt-evidence-controls.test.tsx
PASS components/admin/policy/__tests__/supply-chain-save-body.test.tsx
  ● Console

    console.log
      {"timestamp":"2026-09-05T22:36:59.471Z","level":"info","message":"[savePolicy] Save succeeded","context":{"method":"PATCH","id":"grp-1"}}

      at emit (lib/logger.ts:54:3)

    console.log
      {"timestamp":"2026-09-05T22:36:59.622Z","level":"info","message":"Policy saved successfully"}

      at emit (lib/logger.ts:54:3)

    console.log
      {"timestamp":"2026-09-05T22:36:59.813Z","level":"info","message":"[savePolicy] Save succeeded","context":{"method":"PATCH","id":"grp-1"}}

      at emit (lib/logger.ts:54:3)

    console.log
      {"timestamp":"2026-09-05T22:36:59.814Z","level":"info","message":"Policy saved successfully"}

      at emit (lib/logger.ts:54:3)

    console.log
      {"timestamp":"2026-09-05T22:37:00.042Z","level":"info","message":"[savePolicy] Save succeeded","context":{"method":"POST","id":"grp-1"}}

      at emit (lib/logger.ts:54:3)

    console.log
      {"timestamp":"2026-09-05T22:37:00.042Z","level":"info","message":"Policy created successfully"}

      at emit (lib/logger.ts:54:3)

    console.log
      {"timestamp":"2026-09-05T22:37:00.222Z","level":"info","message":"[savePolicy] Save succeeded","context":{"method":"PATCH","id":"grp-1"}}

      at emit (lib/logger.ts:54:3)

    console.log
      {"timestamp":"2026-09-05T22:37:00.222Z","level":"info","message":"Policy saved successfully"}

      at emit (lib/logger.ts:54:3)

    console.error
      [savePolicy] Backend rejected save: 500 { error: 'policy.policyActions must be an array' }

    [0m [90m 623 |[39m         [36mconst[39m errBody [33m=[39m [36mawait[39m response[33m.[39mjson()[33m.[39m[36mcatch[39m(() [33m=>[39m [36mnull[39m)
     [90m 624 |[39m         [36mconst[39m detail [33m=[39m errBody[33m?[39m[33m.[39merror [33m||[39m errBody[33m?[39m[33m.[39mmessage [33m||[39m response[33m.[39mstatusText
    [31m[1m>[22m[39m[90m 625 |[39m         console[33m.[39merror([32m"[savePolicy] Backend rejected save:"[39m[33m,[39m response[33m.[39mstatus[33m,[39m errBody)
     [90m     |[39m                 [31m[1m^[22m[39m
     [90m 626 |[39m         [36mthrow[39m [36mnew[39m [33mError[39m(
     [90m 627 |[39m           isLocalPolicy
     [90m 628 |[39m             [33m?[39m [32m`Failed to create policy (${response.status}): ${detail}`[39m[0m

      at components/admin/policy/supply-chain-policy-section.tsx:625:17
      at fulfilled (components/admin/policy/supply-chain-policy-section.tsx:39:58)

    console.error
      {"timestamp":"2026-09-05T22:37:00.395Z","level":"error","message":"Failed to save policy:","error":{"name":"Error","message":"Failed to update policy (500): policy.policyActions must be an array","stack":"Error: Failed to update policy (500): policy.policyActions must be an array\n    at C:\\cwt\\p47-final-frontend-20260830\\components\\admin\\policy\\supply-chain-policy-section.tsx:626:15\n    at Generator.next (<anonymous>)\n    at fulfilled (C:\\cwt\\p47-final-frontend-20260830\\components\\admin\\policy\\supply-chain-policy-section.tsx:39:58)"}}

    [0m [90m 52 |[39m     level [33m===[39m [32m"error"[39m [33m?[39m console[33m.[39merror [33m:[39m level [33m===[39m [32m"warn"[39m [33m?[39m console[33m.[39mwarn [33m:[39m console[33m.[39mlog
     [90m 53 |[39m
    [31m[1m>[22m[39m[90m 54 |[39m   consoleFn(output)
     [90m    |[39m   [31m[1m^[22m[39m
     [90m 55 |[39m }
     [90m 56 |[39m
     [90m 57 |[39m [36mexport[39m [36mconst[39m logger [33m=[39m {[0m

      at emit (lib/logger.ts:54:3)
      at Object.error (lib/logger.ts:68:5)
      at components/admin/policy/supply-chain-policy-section.tsx:642:14
      at fulfilled (components/admin/policy/supply-chain-policy-section.tsx:39:58)

    console.error
      [savePolicy] Full error: Error: Failed to update policy (500): policy.policyActions must be an array
          at C:\cwt\p47-final-frontend-20260830\components\admin\policy\supply-chain-policy-section.tsx:626:15
          at Generator.next (<anonymous>)
          at fulfilled (C:\cwt\p47-final-frontend-20260830\components\admin\policy\supply-chain-policy-section.tsx:39:58)

    [0m [90m 641 |[39m     } [36mcatch[39m (error[33m:[39m any) {
     [90m 642 |[39m       logger[33m.[39merror([32m"Failed to save policy:"[39m[33m,[39m error)
    [31m[1m>[22m[39m[90m 643 |[39m       console[33m.[39merror([32m"[savePolicy] Full error:"[39m[33m,[39m error)
     [90m     |[39m               [31m[1m^[22m[39m
     [90m 644 |[39m       [90m// Revert UI to last known good state so user sees accurate data[39m
     [90m 645 |[39m       [36mconst[39m reverted [33m=[39m [33mBoolean[39m(originalPolicy)
     [90m 646 |[39m       [36mif[39m (originalPolicy) {[0m

      at components/admin/policy/supply-chain-policy-section.tsx:643:15
      at fulfilled (components/admin/policy/supply-chain-policy-section.tsx:39:58)

    console.error
      [savePolicy] Backend rejected save: 500 { error: 'policy.policyActions must be an array' }

    [0m [90m 623 |[39m         [36mconst[39m errBody [33m=[39m [36mawait[39m response[33m.[39mjson()[33m.[39m[36mcatch[39m(() [33m=>[39m [36mnull[39m)
     [90m 624 |[39m         [36mconst[39m detail [33m=[39m errBody[33m?[39m[33m.[39merror [33m||[39m errBody[33m?[39m[33m.[39mmessage [33m||[39m response[33m.[39mstatusText
    [31m[1m>[22m[39m[90m 625 |[39m         console[33m.[39merror([32m"[savePolicy] Backend rejected save:"[39m[33m,[39m response[33m.[39mstatus[33m,[39m errBody)
     [90m     |[39m                 [31m[1m^[22m[39m
     [90m 626 |[39m         [36mthrow[39m [36mnew[39m [33mError[39m(
     [90m 627 |[39m           isLocalPolicy
     [90m 628 |[39m             [33m?[39m [32m`Failed to create policy (${response.status}): ${detail}`[39m[0m

      at components/admin/policy/supply-chain-policy-section.tsx:625:17
      at fulfilled (components/admin/policy/supply-chain-policy-section.tsx:39:58)

    console.error
      {"timestamp":"2026-09-05T22:37:00.555Z","level":"error","message":"Failed to save policy:","error":{"name":"Error","message":"Failed to create policy (500): policy.policyActions must be an array","stack":"Error: Failed to create policy (500): policy.policyActions must be an array\n    at C:\\cwt\\p47-final-frontend-20260830\\components\\admin\\policy\\supply-chain-policy-section.tsx:626:15\n    at Generator.next (<anonymous>)\n    at fulfilled (C:\\cwt\\p47-final-frontend-20260830\\components\\admin\\policy\\supply-chain-policy-section.tsx:39:58)"}}

    [0m [90m 52 |[39m     level [33m===[39m [32m"error"[39m [33m?[39m console[33m.[39merror [33m:[39m level [33m===[39m [32m"warn"[39m [33m?[39m console[33m.[39mwarn [33m:[39m console[33m.[39mlog
     [90m 53 |[39m
    [31m[1m>[22m[39m[90m 54 |[39m   consoleFn(output)
     [90m    |[39m   [31m[1m^[22m[39m
     [90m 55 |[39m }
     [90m 56 |[39m
     [90m 57 |[39m [36mexport[39m [36mconst[39m logger [33m=[39m {[0m

      at emit (lib/logger.ts:54:3)
      at Object.error (lib/logger.ts:68:5)
      at components/admin/policy/supply-chain-policy-section.tsx:642:14
      at fulfilled (components/admin/policy/supply-chain-policy-section.tsx:39:58)

    console.error
      [savePolicy] Full error: Error: Failed to create policy (500): policy.policyActions must be an array
          at C:\cwt\p47-final-frontend-20260830\components\admin\policy\supply-chain-policy-section.tsx:626:15
          at Generator.next (<anonymous>)
          at fulfilled (C:\cwt\p47-final-frontend-20260830\components\admin\policy\supply-chain-policy-section.tsx:39:58)

    [0m [90m 641 |[39m     } [36mcatch[39m (error[33m:[39m any) {
     [90m 642 |[39m       logger[33m.[39merror([32m"Failed to save policy:"[39m[33m,[39m error)
    [31m[1m>[22m[39m[90m 643 |[39m       console[33m.[39merror([32m"[savePolicy] Full error:"[39m[33m,[39m error)
     [90m     |[39m               [31m[1m^[22m[39m
     [90m 644 |[39m       [90m// Revert UI to last known good state so user sees accurate data[39m
     [90m 645 |[39m       [36mconst[39m reverted [33m=[39m [33mBoolean[39m(originalPolicy)
     [90m 646 |[39m       [36mif[39m (originalPolicy) {[0m

      at components/admin/policy/supply-chain-policy-section.tsx:643:15
      at fulfilled (components/admin/policy/supply-chain-policy-section.tsx:39:58)

    console.error
      {"timestamp":"2026-09-05T22:37:00.613Z","level":"error","message":"Failed to apply preset:","error":{"name":"Error","message":"Failed to apply preset (500): preset CORE is retired","stack":"Error: Failed to apply preset (500): preset CORE is retired\n    at C:\\cwt\\p47-final-frontend-20260830\\components\\admin\\policy\\supply-chain-policy-section.tsx:502:17\n    at Generator.next (<anonymous>)\n    at fulfilled (C:\\cwt\\p47-final-frontend-20260830\\components\\admin\\policy\\supply-chain-policy-section.tsx:39:58)"}}

    [0m [90m 52 |[39m     level [33m===[39m [32m"error"[39m [33m?[39m console[33m.[39merror [33m:[39m level [33m===[39m [32m"warn"[39m [33m?[39m console[33m.[39mwarn [33m:[39m console[33m.[39mlog
     [90m 53 |[39m
    [31m[1m>[22m[39m[90m 54 |[39m   consoleFn(output)
     [90m    |[39m   [31m[1m^[22m[39m
     [90m 55 |[39m }
     [90m 56 |[39m
     [90m 57 |[39m [36mexport[39m [36mconst[39m logger [33m=[39m {[0m

      at emit (lib/logger.ts:54:3)
      at Object.error (lib/logger.ts:68:5)
      at components/admin/policy/supply-chain-policy-section.tsx:509:16
      at fulfilled (components/admin/policy/supply-chain-policy-section.tsx:39:58)

    console.error
      [handleSelectPreset] apply-preset failed: Error: Failed to apply preset (500): preset CORE is retired
          at C:\cwt\p47-final-frontend-20260830\components\admin\policy\supply-chain-policy-section.tsx:502:17
          at Generator.next (<anonymous>)
          at fulfilled (C:\cwt\p47-final-frontend-20260830\components\admin\policy\supply-chain-policy-section.tsx:39:58)

    [0m [90m 508 |[39m       } [36mcatch[39m (error[33m:[39m any) {
     [90m 509 |[39m         logger[33m.[39merror([32m'Failed to apply preset:'[39m[33m,[39m error)
    [31m[1m>[22m[39m[90m 510 |[39m         console[33m.[39merror([32m'[handleSelectPreset] apply-preset failed:'[39m[33m,[39m error)
     [90m     |[39m                 [31m[1m^[22m[39m
     [90m 511 |[39m         [90m// Nothing is re-fetched on this path, so the table still shows the[39m
     [90m 512 |[39m         [90m// policy that is stored. Say only that, and never claim a revert.[39m
     [90m 513 |[39m         toast[33m.[39merror([32m'Could not apply preset'[39m[33m,[39m {[0m

      at components/admin/policy/supply-chain-policy-section.tsx:510:17
      at fulfilled (components/admin/policy/supply-chain-policy-section.tsx:39:58)

PASS components/admin/__tests__/ai-security-policy-phase-b.test.tsx
PASS components/admin/__tests__/ai-security-board-lane-collision.test.tsx
PASS app/admin/__tests__/agent-uninstall-state.test.ts
PASS app/admin/endpoints/__tests__/f39-web-guard-ladder.test.tsx
PASS components/admin/__tests__/ai-security-policy-surfaces.test.tsx
PASS components/admin/__tests__/ai-security-policy-ladder.test.tsx
PASS components/admin/__tests__/wire-shape-crashes.test.tsx
PASS components/admin/__tests__/ai-security-no-customer-visible-allow.test.tsx
PASS components/admin/__tests__/ai-security-preset-catalog-degrades.test.tsx
PASS app/admin/endpoints/__tests__/agents-coverage-view.test.tsx
PASS components/admin/__tests__/ai-security-policy-authority.test.tsx
PASS components/admin/__tests__/ai-security-policy-failure-oracle.test.tsx
PASS app/endpoints/__tests__/hub-activity-tab.test.tsx
PASS components/admin/policy/__tests__/ai-board-subgroups.test.ts
PASS app/admin/endpoints/__tests__/fleet-tile-vs-table.test.tsx
PASS app/admin/endpoints/__tests__/agents-execution-host.test.tsx
PASS components/admin/__tests__/ai-agent-allowlist-editor.test.tsx
PASS components/admin/__tests__/teams-tab.test.tsx
PASS components/admin/policy/__tests__/downgrade-confirm.test.tsx
PASS components/admin/policy/__tests__/ai-policy.write-shape.test.tsx
PASS components/admin/__tests__/detector-lifecycle-on-the-real-page.test.tsx
PASS components/admin/__tests__/push-protection-admin-section.test.tsx
PASS components/admin/policy/__tests__/editors-suppression-delete.test.tsx
PASS components/admin/__tests__/policy-header-and-switch-discipline.test.tsx
PASS components/admin/__tests__/ai-artifact-load-policy-section.test.tsx
PASS components/admin/__tests__/ai-security-policy-settings-band.test.tsx
PASS app/admin/endpoints/__tests__/cx7-optout-coverage.test.tsx
PASS components/admin/policy/__tests__/category-bucket-board.stacked.test.tsx
PASS components/admin/__tests__/ai-security-policy-onboarding-posture.test.tsx
PASS components/admin/ai-security-playground/__tests__/path-test-panel.test.tsx
PASS components/admin/policy/__tests__/preset-card-grid.test.tsx
PASS components/admin/__tests__/ai-security-policy-section.coaching.test.tsx
PASS components/admin/policy/__tests__/not-evaluated-switch.test.tsx
PASS components/admin/policy/__tests__/action-row-list.test.tsx
PASS components/admin/policy/__tests__/action-bucket-board.test.tsx
PASS app/admin/audit/__tests__/audit-cursor-paging.test.tsx
PASS app/admin/policies/mcp/__tests__/mcp-policy-page.test.tsx
PASS components/admin/policy/__tests__/category-bucket-board.expand.test.tsx
PASS app/admin/endpoints/__tests__/coverage-section.test.tsx
  ● Console

    console.error
      Each child in a list should have a unique "key" prop.
      
      Check the render method of `WebAiGuardCoveragePanel`. See https://react.dev/link/warning-keys for more information.

      at node_modules/react-dom/cjs/react-dom-client.development.js:26084:21
      at runWithFiberInDEV (node_modules/react-dom/cjs/react-dom-client.development.js:874:13)
      at warnForMissingKey (node_modules/react-dom/cjs/react-dom-client.development.js:26083:11)
      at warnOnInvalidKey (node_modules/react-dom/cjs/react-dom-client.development.js:6591:13)
      at reconcileChildrenArray (node_modules/react-dom/cjs/react-dom-client.development.js:6672:31)
      at reconcileChildFibersImpl (node_modules/react-dom/cjs/react-dom-client.development.js:6993:30)
      at node_modules/react-dom/cjs/react-dom-client.development.js:7098:33
      at reconcileChildren (node_modules/react-dom/cjs/react-dom-client.development.js:9701:13)
      at beginWork (node_modules/react-dom/cjs/react-dom-client.development.js:12049:13)
      at runWithFiberInDEV (node_modules/react-dom/cjs/react-dom-client.development.js:874:13)
      at performUnitOfWork (node_modules/react-dom/cjs/react-dom-client.development.js:17641:22)
      at workLoopSync (node_modules/react-dom/cjs/react-dom-client.development.js:17469:41)
      at renderRootSync (node_modules/react-dom/cjs/react-dom-client.development.js:17450:11)
      at performWorkOnRoot (node_modules/react-dom/cjs/react-dom-client.development.js:16504:11)
      at performWorkOnRootViaSchedulerTask (node_modules/react-dom/cjs/react-dom-client.development.js:18957:7)
      at performWorkUntilDeadline (node_modules/scheduler/cjs/scheduler.development.js:45:48)
      at Timeout.task [as _onTimeout] (node_modules/jsdom/lib/jsdom/browser/Window.js:520:19)

PASS app/admin/endpoints/__tests__/optout-scope-not-measured.test.tsx
PASS components/admin/policy/__tests__/category-bucket-board.scope.test.tsx
PASS components/admin/policy/__tests__/category-bucket-board.test.tsx
PASS components/admin/__tests__/ai-security-policy-session-titles.test.tsx
PASS app/admin/policies/ai-security/__tests__/ai-security-page.test.tsx
  ● Console

    console.error
      {"timestamp":"2026-09-05T22:37:12.961Z","level":"error","message":"enforced authority read failed","error":{"name":"ReferenceError","message":"fetch is not defined","stack":"ReferenceError: fetch is not defined\n    at C:\\cwt\\p47-final-frontend-20260830\\components\\admin\\enforced-authority-panel.tsx:193:19\n    at Generator.next (<anonymous>)\n    at C:\\cwt\\p47-final-frontend-20260830\\components\\admin\\enforced-authority-panel.tsx:42:71\n    at new Promise (<anonymous>)\n    at Object.<anonymous>.__awaiter (C:\\cwt\\p47-final-frontend-20260830\\components\\admin\\enforced-authority-panel.tsx:38:12)\n    at C:\\cwt\\p47-final-frontend-20260830\\components\\admin\\enforced-authority-panel.tsx:189:45\n    at C:\\cwt\\p47-final-frontend-20260830\\components\\admin\\enforced-authority-panel.tsx:216:10\n    at Object.react_stack_bottom_frame (C:\\cwt\\p47-final-frontend-20260830\\node_modules\\react-dom\\cjs\\react-dom-client.development.js:25989:20)\n    at runWithFiberInDEV (C:\\cwt\\p47-final-frontend-20260830\\node_modules\\react-dom\\cjs\\react-dom-client.development.js:874:13)\n    at commitHookEffectListMount (C:\\cwt\\p47-final-frontend-20260830\\node_modules\\react-dom\\cjs\\react-dom-client.development.js:13249:29)\n    at commitHookPassiveMountEffects (C:\\cwt\\p47-final-frontend-20260830\\node_modules\\react-dom\\cjs\\react-dom-client.development.js:13336:11)\n    at commitPassiveMountOnFiber (C:\\cwt\\p47-final-frontend-20260830\\node_modules\\react-dom\\cjs\\react-dom-client.development.js:15484:13)\n    at recursivelyTraversePassiveMountEffects (C:\\cwt\\p47-final-frontend-20260830\\node_modules\\react-dom\\cjs\\react-dom-client.development.js:15439:11)\n    at commitPassiveMountOnFiber (C:\\cwt\\p47-final-frontend-20260830\\node_modules\\react-dom\\cjs\\react-dom-client.development.js:15718:11)\n    at recursivelyTraversePassiveMountEffects (C:\\cwt\\p47-final-frontend-20260830\\node_modules\\react-dom\\cjs\\react-dom-client.development.js:15439:11)\n    at commitPassiveMountOnFiber (C:\\cwt\\p47-final-frontend-20260830\\node_modules\\react-dom\\cjs\\react-dom-client.development.js:15718:11)\n    at recursivelyTraversePassiveMountEffects (C:\\cwt\\p47-final-frontend-20260830\\node_modules\\react-dom\\cjs\\react-dom-client.development.js:15439:11)\n    at commitPassiveMountOnFiber (C:\\cwt\\p47-final-frontend-20260830\\node_modules\\react-dom\\cjs\\react-dom-client.development.js:15476:11)\n    at recursivelyTraversePassiveMountEffects (C:\\cwt\\p47-final-frontend-20260830\\node_modules\\react-dom\\cjs\\react-dom-client.development.js:15439:11)\n    at commitPassiveMountOnFiber (C:\\cwt\\p47-final-frontend-20260830\\node_modules\\react-dom\\cjs\\react-dom-client.development.js:15476:11)\n    at recursivelyTraversePassiveMountEffects (C:\\cwt\\p47-final-frontend-20260830\\node_modules\\react-dom\\cjs\\react-dom-client.development.js:15439:11)\n    at commitPassiveMountOnFiber (C:\\cwt\\p47-final-frontend-20260830\\node_modules\\react-dom\\cjs\\react-dom-client.development.js:15519:11)\n    at flushPassiveEffects (C:\\cwt\\p47-final-frontend-20260830\\node_modules\\react-dom\\cjs\\react-dom-client.development.js:18432:9)\n    at C:\\cwt\\p47-final-frontend-20260830\\node_modules\\react-dom\\cjs\\react-dom-client.development.js:17923:15\n    at flushActQueue (C:\\cwt\\p47-final-frontend-20260830\\node_modules\\react\\cjs\\react.development.js:590:34)\n    at Object.<anonymous>.process.env.NODE_ENV.exports.act (C:\\cwt\\p47-final-frontend-20260830\\node_modules\\react\\cjs\\react.development.js:884:10)\n    at C:\\cwt\\p47-final-frontend-20260830\\node_modules\\@testing-library\\react\\dist\\act-compat.js:46:25\n    at renderRoot (C:\\cwt\\p47-final-frontend-20260830\\node_modules\\@testing-library\\react\\dist\\pure.js:189:26)\n    at render (C:\\cwt\\p47-final-frontend-20260830\\node_modules\\@testing-library\\react\\dist\\pure.js:291:10)\n    at Object.<anonymous> (C:\\cwt\\p47-final-frontend-20260830\\app\\admin\\policies\\ai-security\\__tests__\\ai-security-page.test.tsx:116:11)\n    at Promise.then.completed (C:\\cwt\\p47-final-frontend-20260830\\node_modules\\jest-circus\\build\\utils.js:298:28)\n    at new Promise (<anonymous>)\n    at callAsyncCircusFn (C:\\cwt\\p47-final-frontend-20260830\\node_modules\\jest-circus\\build\\utils.js:231:10)\n    at _callCircusTest (C:\\cwt\\p47-final-frontend-20260830\\node_modules\\jest-circus\\build\\run.js:316:40)\n    at processTicksAndRejections (node:internal/process/task_queues:103:5)\n    at _runTest (C:\\cwt\\p47-final-frontend-20260830\\node_modules\\jest-circus\\build\\run.js:252:3)\n    at _runTestsForDescribeBlock (C:\\cwt\\p47-final-frontend-20260830\\node_modules\\jest-circus\\build\\run.js:126:9)\n    at _runTestsForDescribeBlock (C:\\cwt\\p47-final-frontend-20260830\\node_modules\\jest-circus\\build\\run.js:121:9)\n    at run (C:\\cwt\\p47-final-frontend-20260830\\node_modules\\jest-circus\\build\\run.js:71:3)\n    at runAndTransformResultsToJestFormat (C:\\cwt\\p47-final-frontend-20260830\\node_modules\\jest-circus\\build\\legacy-code-todo-rewrite\\jestAdapterInit.js:122:21)\n    at jestAdapter (C:\\cwt\\p47-final-frontend-20260830\\node_modules\\jest-circus\\build\\legacy-code-todo-rewrite\\jestAdapter.js:79:19)\n    at runTestInternal (C:\\cwt\\p47-final-frontend-20260830\\node_modules\\jest-runner\\build\\runTest.js:367:16)\n    at runTest (C:\\cwt\\p47-final-frontend-20260830\\node_modules\\jest-runner\\build\\runTest.js:444:34)\n    at Object.worker (C:\\cwt\\p47-final-frontend-20260830\\node_modules\\jest-runner\\build\\testWorker.js:106:12)"}}

    [0m [90m 52 |[39m     level [33m===[39m [32m"error"[39m [33m?[39m console[33m.[39merror [33m:[39m level [33m===[39m [32m"warn"[39m [33m?[39m console[33m.[39mwarn [33m:[39m console[33m.[39mlog
     [90m 53 |[39m
    [31m[1m>[22m[39m[90m 54 |[39m   consoleFn(output)
     [90m    |[39m   [31m[1m^[22m[39m
     [90m 55 |[39m }
     [90m 56 |[39m
     [90m 57 |[39m [36mexport[39m [36mconst[39m logger [33m=[39m {[0m

      at emit (lib/logger.ts:54:3)
      at Object.error (lib/logger.ts:68:5)
      at components/admin/enforced-authority-panel.tsx:203:14
      at components/admin/enforced-authority-panel.tsx:42:71
      at Object.<anonymous>.__awaiter (components/admin/enforced-authority-panel.tsx:38:12)
      at components/admin/enforced-authority-panel.tsx:189:45
      at components/admin/enforced-authority-panel.tsx:216:10
      at Object.react_stack_bottom_frame (node_modules/react-dom/cjs/react-dom-client.development.js:25989:20)
      at runWithFiberInDEV (node_modules/react-dom/cjs/react-dom-client.development.js:874:13)
      at commitHookEffectListMount (node_modules/react-dom/cjs/react-dom-client.development.js:13249:29)
      at commitHookPassiveMountEffects (node_modules/react-dom/cjs/react-dom-client.development.js:13336:11)
      at commitPassiveMountOnFiber (node_modules/react-dom/cjs/react-dom-client.development.js:15484:13)
      at recursivelyTraversePassiveMountEffects (node_modules/react-dom/cjs/react-dom-client.development.js:15439:11)
      at commitPassiveMountOnFiber (node_modules/react-dom/cjs/react-dom-client.development.js:15718:11)
      at recursivelyTraversePassiveMountEffects (node_modules/react-dom/cjs/react-dom-client.development.js:15439:11)
      at commitPassiveMountOnFiber (node_modules/react-dom/cjs/react-dom-client.development.js:15718:11)
      at recursivelyTraversePassiveMountEffects (node_modules/react-dom/cjs/react-dom-client.development.js:15439:11)
      at commitPassiveMountOnFiber (node_modules/react-dom/cjs/react-dom-client.development.js:15476:11)
      at recursivelyTraversePassiveMountEffects (node_modules/react-dom/cjs/react-dom-client.development.js:15439:11)
      at commitPassiveMountOnFiber (node_modules/react-dom/cjs/react-dom-client.development.js:15476:11)
      at recursivelyTraversePassiveMountEffects (node_modules/react-dom/cjs/react-dom-client.development.js:15439:11)
      at commitPassiveMountOnFiber (node_modules/react-dom/cjs/react-dom-client.development.js:15519:11)
      at flushPassiveEffects (node_modules/react-dom/cjs/react-dom-client.development.js:18432:9)
      at node_modules/react-dom/cjs/react-dom-client.development.js:17923:15
      at flushActQueue (node_modules/react/cjs/react.development.js:590:34)
      at Object.<anonymous>.process.env.NODE_ENV.exports.act (node_modules/react/cjs/react.development.js:884:10)
      at node_modules/@testing-library/react/dist/act-compat.js:46:25
      at renderRoot (node_modules/@testing-library/react/dist/pure.js:189:26)
      at render (node_modules/@testing-library/react/dist/pure.js:291:10)
      at Object.<anonymous> (app/admin/policies/ai-security/__tests__/ai-security-page.test.tsx:116:11)

    console.error
      {"timestamp":"2026-09-05T22:37:13.068Z","level":"error","message":"enforced authority read failed","error":{"name":"ReferenceError","message":"fetch is not defined","stack":"ReferenceError: fetch is not defined\n    at C:\\cwt\\p47-final-frontend-20260830\\components\\admin\\enforced-authority-panel.tsx:193:19\n    at Generator.next (<anonymous>)\n    at C:\\cwt\\p47-final-frontend-20260830\\components\\admin\\enforced-authority-panel.tsx:42:71\n    at new Promise (<anonymous>)\n    at Object.<anonymous>.__awaiter (C:\\cwt\\p47-final-frontend-20260830\\components\\admin\\enforced-authority-panel.tsx:38:12)\n    at C:\\cwt\\p47-final-frontend-20260830\\components\\admin\\enforced-authority-panel.tsx:189:45\n    at C:\\cwt\\p47-final-frontend-20260830\\components\\admin\\enforced-authority-panel.tsx:216:10\n    at Object.react_stack_bottom_frame (C:\\cwt\\p47-final-frontend-20260830\\node_modules\\react-dom\\cjs\\react-dom-client.development.js:25989:20)\n    at runWithFiberInDEV (C:\\cwt\\p47-final-frontend-20260830\\node_modules\\react-dom\\cjs\\react-dom-client.development.js:874:13)\n    at commitHookEffectListMount (C:\\cwt\\p47-final-frontend-20260830\\node_modules\\react-dom\\cjs\\react-dom-client.development.js:13249:29)\n    at commitHookPassiveMountEffects (C:\\cwt\\p47-final-frontend-20260830\\node_modules\\react-dom\\cjs\\react-dom-client.development.js:13336:11)\n    at commitPassiveMountOnFiber (C:\\cwt\\p47-final-frontend-20260830\\node_modules\\react-dom\\cjs\\react-dom-client.development.js:15484:13)\n    at recursivelyTraversePassiveMountEffects (C:\\cwt\\p47-final-frontend-20260830\\node_modules\\react-dom\\cjs\\react-dom-client.development.js:15439:11)\n    at commitPassiveMountOnFiber (C:\\cwt\\p47-final-frontend-20260830\\node_modules\\react-dom\\cjs\\react-dom-client.development.js:15718:11)\n    at recursivelyTraversePassiveMountEffects (C:\\cwt\\p47-final-frontend-20260830\\node_modules\\react-dom\\cjs\\react-dom-client.development.js:15439:11)\n    at commitPassiveMountOnFiber (C:\\cwt\\p47-final-frontend-20260830\\node_modules\\react-dom\\cjs\\react-dom-client.development.js:15718:11)\n    at recursivelyTraversePassiveMountEffects (C:\\cwt\\p47-final-frontend-20260830\\node_modules\\react-dom\\cjs\\react-dom-client.development.js:15439:11)\n    at commitPassiveMountOnFiber (C:\\cwt\\p47-final-frontend-20260830\\node_modules\\react-dom\\cjs\\react-dom-client.development.js:15476:11)\n    at recursivelyTraversePassiveMountEffects (C:\\cwt\\p47-final-frontend-20260830\\node_modules\\react-dom\\cjs\\react-dom-client.development.js:15439:11)\n    at commitPassiveMountOnFiber (C:\\cwt\\p47-final-frontend-20260830\\node_modules\\react-dom\\cjs\\react-dom-client.development.js:15476:11)\n    at recursivelyTraversePassiveMountEffects (C:\\cwt\\p47-final-frontend-20260830\\node_modules\\react-dom\\cjs\\react-dom-client.development.js:15439:11)\n    at commitPassiveMountOnFiber (C:\\cwt\\p47-final-frontend-20260830\\node_modules\\react-dom\\cjs\\react-dom-client.development.js:15519:11)\n    at flushPassiveEffects (C:\\cwt\\p47-final-frontend-20260830\\node_modules\\react-dom\\cjs\\react-dom-client.development.js:18432:9)\n    at C:\\cwt\\p47-final-frontend-20260830\\node_modules\\react-dom\\cjs\\react-dom-client.development.js:17923:15\n    at flushActQueue (C:\\cwt\\p47-final-frontend-20260830\\node_modules\\react\\cjs\\react.development.js:590:34)\n    at Object.<anonymous>.process.env.NODE_ENV.exports.act (C:\\cwt\\p47-final-frontend-20260830\\node_modules\\react\\cjs\\react.development.js:884:10)\n    at C:\\cwt\\p47-final-frontend-20260830\\node_modules\\@testing-library\\react\\dist\\act-compat.js:46:25\n    at renderRoot (C:\\cwt\\p47-final-frontend-20260830\\node_modules\\@testing-library\\react\\dist\\pure.js:189:26)\n    at render (C:\\cwt\\p47-final-frontend-20260830\\node_modules\\@testing-library\\react\\dist\\pure.js:291:10)\n    at Object.<anonymous> (C:\\cwt\\p47-final-frontend-20260830\\app\\admin\\policies\\ai-security\\__tests__\\ai-security-page.test.tsx:124:11)\n    at Promise.then.completed (C:\\cwt\\p47-final-frontend-20260830\\node_modules\\jest-circus\\build\\utils.js:298:28)\n    at new Promise (<anonymous>)\n    at callAsyncCircusFn (C:\\cwt\\p47-final-frontend-20260830\\node_modules\\jest-circus\\build\\utils.js:231:10)\n    at _callCircusTest (C:\\cwt\\p47-final-frontend-20260830\\node_modules\\jest-circus\\build\\run.js:316:40)\n    at processTicksAndRejections (node:internal/process/task_queues:103:5)\n    at _runTest (C:\\cwt\\p47-final-frontend-20260830\\node_modules\\jest-circus\\build\\run.js:252:3)\n    at _runTestsForDescribeBlock (C:\\cwt\\p47-final-frontend-20260830\\node_modules\\jest-circus\\build\\run.js:126:9)\n    at _runTestsForDescribeBlock (C:\\cwt\\p47-final-frontend-20260830\\node_modules\\jest-circus\\build\\run.js:121:9)\n    at run (C:\\cwt\\p47-final-frontend-20260830\\node_modules\\jest-circus\\build\\run.js:71:3)\n    at runAndTransformResultsToJestFormat (C:\\cwt\\p47-final-frontend-20260830\\node_modules\\jest-circus\\build\\legacy-code-todo-rewrite\\jestAdapterInit.js:122:21)\n    at jestAdapter (C:\\cwt\\p47-final-frontend-20260830\\node_modules\\jest-circus\\build\\legacy-code-todo-rewrite\\jestAdapter.js:79:19)\n    at runTestInternal (C:\\cwt\\p47-final-frontend-20260830\\node_modules\\jest-runner\\build\\runTest.js:367:16)\n    at runTest (C:\\cwt\\p47-final-frontend-20260830\\node_modules\\jest-runner\\build\\runTest.js:444:34)\n    at Object.worker (C:\\cwt\\p47-final-frontend-20260830\\node_modules\\jest-runner\\build\\testWorker.js:106:12)"}}

    [0m [90m 52 |[39m     level [33m===[39m [32m"error"[39m [33m?[39m console[33m.[39merror [33m:[39m level [33m===[39m [32m"warn"[39m [33m?[39m console[33m.[39mwarn [33m:[39m console[33m.[39mlog
     [90m 53 |[39m
    [31m[1m>[22m[39m[90m 54 |[39m   consoleFn(output)
     [90m    |[39m   [31m[1m^[22m[39m
     [90m 55 |[39m }
     [90m 56 |[39m
     [90m 57 |[39m [36mexport[39m [36mconst[39m logger [33m=[39m {[0m

      at emit (lib/logger.ts:54:3)
      at Object.error (lib/logger.ts:68:5)
      at components/admin/enforced-authority-panel.tsx:203:14
      at components/admin/enforced-authority-panel.tsx:42:71
      at Object.<anonymous>.__awaiter (components/admin/enforced-authority-panel.tsx:38:12)
      at components/admin/enforced-authority-panel.tsx:189:45
      at components/admin/enforced-authority-panel.tsx:216:10
      at Object.react_stack_bottom_frame (node_modules/react-dom/cjs/react-dom-client.development.js:25989:20)
      at runWithFiberInDEV (node_modules/react-dom/cjs/react-dom-client.development.js:874:13)
      at commitHookEffectListMount (node_modules/react-dom/cjs/react-dom-client.development.js:13249:29)
      at commitHookPassiveMountEffects (node_modules/react-dom/cjs/react-dom-client.development.js:13336:11)
      at commitPassiveMountOnFiber (node_modules/react-dom/cjs/react-dom-client.development.js:15484:13)
      at recursivelyTraversePassiveMountEffects (node_modules/react-dom/cjs/react-dom-client.development.js:15439:11)
      at commitPassiveMountOnFiber (node_modules/react-dom/cjs/react-dom-client.development.js:15718:11)
      at recursivelyTraversePassiveMountEffects (node_modules/react-dom/cjs/react-dom-client.development.js:15439:11)
      at commitPassiveMountOnFiber (node_modules/react-dom/cjs/react-dom-client.development.js:15718:11)
      at recursivelyTraversePassiveMountEffects (node_modules/react-dom/cjs/react-dom-client.development.js:15439:11)
      at commitPassiveMountOnFiber (node_modules/react-dom/cjs/react-dom-client.development.js:15476:11)
      at recursivelyTraversePassiveMountEffects (node_modules/react-dom/cjs/react-dom-client.development.js:15439:11)
      at commitPassiveMountOnFiber (node_modules/react-dom/cjs/react-dom-client.development.js:15476:11)
      at recursivelyTraversePassiveMountEffects (node_modules/react-dom/cjs/react-dom-client.development.js:15439:11)
      at commitPassiveMountOnFiber (node_modules/react-dom/cjs/react-dom-client.development.js:15519:11)
      at flushPassiveEffects (node_modules/react-dom/cjs/react-dom-client.development.js:18432:9)
      at node_modules/react-dom/cjs/react-dom-client.development.js:17923:15
      at flushActQueue (node_modules/react/cjs/react.development.js:590:34)
      at Object.<anonymous>.process.env.NODE_ENV.exports.act (node_modules/react/cjs/react.development.js:884:10)
      at node_modules/@testing-library/react/dist/act-compat.js:46:25
      at renderRoot (node_modules/@testing-library/react/dist/pure.js:189:26)
      at render (node_modules/@testing-library/react/dist/pure.js:291:10)
      at Object.<anonymous> (app/admin/policies/ai-security/__tests__/ai-security-page.test.tsx:124:11)

    console.error
      {"timestamp":"2026-09-05T22:37:13.084Z","level":"error","message":"enforced authority read failed","error":{"name":"ReferenceError","message":"fetch is not defined","stack":"ReferenceError: fetch is not defined\n    at C:\\cwt\\p47-final-frontend-20260830\\components\\admin\\enforced-authority-panel.tsx:193:19\n    at Generator.next (<anonymous>)\n    at C:\\cwt\\p47-final-frontend-20260830\\components\\admin\\enforced-authority-panel.tsx:42:71\n    at new Promise (<anonymous>)\n    at Object.<anonymous>.__awaiter (C:\\cwt\\p47-final-frontend-20260830\\components\\admin\\enforced-authority-panel.tsx:38:12)\n    at C:\\cwt\\p47-final-frontend-20260830\\components\\admin\\enforced-authority-panel.tsx:189:45\n    at C:\\cwt\\p47-final-frontend-20260830\\components\\admin\\enforced-authority-panel.tsx:216:10\n    at Object.react_stack_bottom_frame (C:\\cwt\\p47-final-frontend-20260830\\node_modules\\react-dom\\cjs\\react-dom-client.development.js:25989:20)\n    at runWithFiberInDEV (C:\\cwt\\p47-final-frontend-20260830\\node_modules\\react-dom\\cjs\\react-dom-client.development.js:874:13)\n    at commitHookEffectListMount (C:\\cwt\\p47-final-frontend-20260830\\node_modules\\react-dom\\cjs\\react-dom-client.development.js:13249:29)\n    at commitHookPassiveMountEffects (C:\\cwt\\p47-final-frontend-20260830\\node_modules\\react-dom\\cjs\\react-dom-client.development.js:13336:11)\n    at commitPassiveMountOnFiber (C:\\cwt\\p47-final-frontend-20260830\\node_modules\\react-dom\\cjs\\react-dom-client.development.js:15484:13)\n    at recursivelyTraversePassiveMountEffects (C:\\cwt\\p47-final-frontend-20260830\\node_modules\\react-dom\\cjs\\react-dom-client.development.js:15439:11)\n    at commitPassiveMountOnFiber (C:\\cwt\\p47-final-frontend-20260830\\node_modules\\react-dom\\cjs\\react-dom-client.development.js:15718:11)\n    at recursivelyTraversePassiveMountEffects (C:\\cwt\\p47-final-frontend-20260830\\node_modules\\react-dom\\cjs\\react-dom-client.development.js:15439:11)\n    at commitPassiveMountOnFiber (C:\\cwt\\p47-final-frontend-20260830\\node_modules\\react-dom\\cjs\\react-dom-client.development.js:15718:11)\n    at recursivelyTraversePassiveMountEffects (C:\\cwt\\p47-final-frontend-20260830\\node_modules\\react-dom\\cjs\\react-dom-client.development.js:15439:11)\n    at commitPassiveMountOnFiber (C:\\cwt\\p47-final-frontend-20260830\\node_modules\\react-dom\\cjs\\react-dom-client.development.js:15476:11)\n    at recursivelyTraversePassiveMountEffects (C:\\cwt\\p47-final-frontend-20260830\\node_modules\\react-dom\\cjs\\react-dom-client.development.js:15439:11)\n    at commitPassiveMountOnFiber (C:\\cwt\\p47-final-frontend-20260830\\node_modules\\react-dom\\cjs\\react-dom-client.development.js:15476:11)\n    at recursivelyTraversePassiveMountEffects (C:\\cwt\\p47-final-frontend-20260830\\node_modules\\react-dom\\cjs\\react-dom-client.development.js:15439:11)\n    at commitPassiveMountOnFiber (C:\\cwt\\p47-final-frontend-20260830\\node_modules\\react-dom\\cjs\\react-dom-client.development.js:15519:11)\n    at flushPassiveEffects (C:\\cwt\\p47-final-frontend-20260830\\node_modules\\react-dom\\cjs\\react-dom-client.development.js:18432:9)\n    at C:\\cwt\\p47-final-frontend-20260830\\node_modules\\react-dom\\cjs\\react-dom-client.development.js:17923:15\n    at flushActQueue (C:\\cwt\\p47-final-frontend-20260830\\node_modules\\react\\cjs\\react.development.js:590:34)\n    at Object.<anonymous>.process.env.NODE_ENV.exports.act (C:\\cwt\\p47-final-frontend-20260830\\node_modules\\react\\cjs\\react.development.js:884:10)\n    at C:\\cwt\\p47-final-frontend-20260830\\node_modules\\@testing-library\\react\\dist\\act-compat.js:46:25\n    at renderRoot (C:\\cwt\\p47-final-frontend-20260830\\node_modules\\@testing-library\\react\\dist\\pure.js:189:26)\n    at render (C:\\cwt\\p47-final-frontend-20260830\\node_modules\\@testing-library\\react\\dist\\pure.js:291:10)\n    at Object.<anonymous> (C:\\cwt\\p47-final-frontend-20260830\\app\\admin\\policies\\ai-security\\__tests__\\ai-security-page.test.tsx:132:11)\n    at Promise.then.completed (C:\\cwt\\p47-final-frontend-20260830\\node_modules\\jest-circus\\build\\utils.js:298:28)\n    at new Promise (<anonymous>)\n    at callAsyncCircusFn (C:\\cwt\\p47-final-frontend-20260830\\node_modules\\jest-circus\\build\\utils.js:231:10)\n    at _callCircusTest (C:\\cwt\\p47-final-frontend-20260830\\node_modules\\jest-circus\\build\\run.js:316:40)\n    at processTicksAndRejections (node:internal/process/task_queues:103:5)\n    at _runTest (C:\\cwt\\p47-final-frontend-20260830\\node_modules\\jest-circus\\build\\run.js:252:3)\n    at _runTestsForDescribeBlock (C:\\cwt\\p47-final-frontend-20260830\\node_modules\\jest-circus\\build\\run.js:126:9)\n    at _runTestsForDescribeBlock (C:\\cwt\\p47-final-frontend-20260830\\node_modules\\jest-circus\\build\\run.js:121:9)\n    at run (C:\\cwt\\p47-final-frontend-20260830\\node_modules\\jest-circus\\build\\run.js:71:3)\n    at runAndTransformResultsToJestFormat (C:\\cwt\\p47-final-frontend-20260830\\node_modules\\jest-circus\\build\\legacy-code-todo-rewrite\\jestAdapterInit.js:122:21)\n    at jestAdapter (C:\\cwt\\p47-final-frontend-20260830\\node_modules\\jest-circus\\build\\legacy-code-todo-rewrite\\jestAdapter.js:79:19)\n    at runTestInternal (C:\\cwt\\p47-final-frontend-20260830\\node_modules\\jest-runner\\build\\runTest.js:367:16)\n    at runTest (C:\\cwt\\p47-final-frontend-20260830\\node_modules\\jest-runner\\build\\runTest.js:444:34)\n    at Object.worker (C:\\cwt\\p47-final-frontend-20260830\\node_modules\\jest-runner\\build\\testWorker.js:106:12)"}}

    [0m [90m 52 |[39m     level [33m===[39m [32m"error"[39m [33m?[39m console[33m.[39merror [33m:[39m level [33m===[39m [32m"warn"[39m [33m?[39m console[33m.[39mwarn [33m:[39m console[33m.[39mlog
     [90m 53 |[39m
    [31m[1m>[22m[39m[90m 54 |[39m   consoleFn(output)
     [90m    |[39m   [31m[1m^[22m[39m
     [90m 55 |[39m }
     [90m 56 |[39m
     [90m 57 |[39m [36mexport[39m [36mconst[39m logger [33m=[39m {[0m

      at emit (lib/logger.ts:54:3)
      at Object.error (lib/logger.ts:68:5)
      at components/admin/enforced-authority-panel.tsx:203:14
      at components/admin/enforced-authority-panel.tsx:42:71
      at Object.<anonymous>.__awaiter (components/admin/enforced-authority-panel.tsx:38:12)
      at components/admin/enforced-authority-panel.tsx:189:45
      at components/admin/enforced-authority-panel.tsx:216:10
      at Object.react_stack_bottom_frame (node_modules/react-dom/cjs/react-dom-client.development.js:25989:20)
      at runWithFiberInDEV (node_modules/react-dom/cjs/react-dom-client.development.js:874:13)
      at commitHookEffectListMount (node_modules/react-dom/cjs/react-dom-client.development.js:13249:29)
      at commitHookPassiveMountEffects (node_modules/react-dom/cjs/react-dom-client.development.js:13336:11)
      at commitPassiveMountOnFiber (node_modules/react-dom/cjs/react-dom-client.development.js:15484:13)
      at recursivelyTraversePassiveMountEffects (node_modules/react-dom/cjs/react-dom-client.development.js:15439:11)
      at commitPassiveMountOnFiber (node_modules/react-dom/cjs/react-dom-client.development.js:15718:11)
      at recursivelyTraversePassiveMountEffects (node_modules/react-dom/cjs/react-dom-client.development.js:15439:11)
      at commitPassiveMountOnFiber (node_modules/react-dom/cjs/react-dom-client.development.js:15718:11)
      at recursivelyTraversePassiveMountEffects (node_modules/react-dom/cjs/react-dom-client.development.js:15439:11)
      at commitPassiveMountOnFiber (node_modules/react-dom/cjs/react-dom-client.development.js:15476:11)
      at recursivelyTraversePassiveMountEffects (node_modules/react-dom/cjs/react-dom-client.development.js:15439:11)
      at commitPassiveMountOnFiber (node_modules/react-dom/cjs/react-dom-client.development.js:15476:11)
      at recursivelyTraversePassiveMountEffects (node_modules/react-dom/cjs/react-dom-client.development.js:15439:11)
      at commitPassiveMountOnFiber (node_modules/react-dom/cjs/react-dom-client.development.js:15519:11)
      at flushPassiveEffects (node_modules/react-dom/cjs/react-dom-client.development.js:18432:9)
      at node_modules/react-dom/cjs/react-dom-client.development.js:17923:15
      at flushActQueue (node_modules/react/cjs/react.development.js:590:34)
      at Object.<anonymous>.process.env.NODE_ENV.exports.act (node_modules/react/cjs/react.development.js:884:10)
      at node_modules/@testing-library/react/dist/act-compat.js:46:25
      at renderRoot (node_modules/@testing-library/react/dist/pure.js:189:26)
      at render (node_modules/@testing-library/react/dist/pure.js:291:10)
      at Object.<anonymous> (app/admin/policies/ai-security/__tests__/ai-security-page.test.tsx:132:11)

    console.error
      {"timestamp":"2026-09-05T22:37:13.090Z","level":"error","message":"enforced authority read failed","error":{"name":"ReferenceError","message":"fetch is not defined","stack":"ReferenceError: fetch is not defined\n    at C:\\cwt\\p47-final-frontend-20260830\\components\\admin\\enforced-authority-panel.tsx:193:19\n    at Generator.next (<anonymous>)\n    at C:\\cwt\\p47-final-frontend-20260830\\components\\admin\\enforced-authority-panel.tsx:42:71\n    at new Promise (<anonymous>)\n    at Object.<anonymous>.__awaiter (C:\\cwt\\p47-final-frontend-20260830\\components\\admin\\enforced-authority-panel.tsx:38:12)\n    at C:\\cwt\\p47-final-frontend-20260830\\components\\admin\\enforced-authority-panel.tsx:189:45\n    at C:\\cwt\\p47-final-frontend-20260830\\components\\admin\\enforced-authority-panel.tsx:216:10\n    at Object.react_stack_bottom_frame (C:\\cwt\\p47-final-frontend-20260830\\node_modules\\react-dom\\cjs\\react-dom-client.development.js:25989:20)\n    at runWithFiberInDEV (C:\\cwt\\p47-final-frontend-20260830\\node_modules\\react-dom\\cjs\\react-dom-client.development.js:874:13)\n    at commitHookEffectListMount (C:\\cwt\\p47-final-frontend-20260830\\node_modules\\react-dom\\cjs\\react-dom-client.development.js:13249:29)\n    at commitHookPassiveMountEffects (C:\\cwt\\p47-final-frontend-20260830\\node_modules\\react-dom\\cjs\\react-dom-client.development.js:13336:11)\n    at commitPassiveMountOnFiber (C:\\cwt\\p47-final-frontend-20260830\\node_modules\\react-dom\\cjs\\react-dom-client.development.js:15484:13)\n    at recursivelyTraversePassiveMountEffects (C:\\cwt\\p47-final-frontend-20260830\\node_modules\\react-dom\\cjs\\react-dom-client.development.js:15439:11)\n    at commitPassiveMountOnFiber (C:\\cwt\\p47-final-frontend-20260830\\node_modules\\react-dom\\cjs\\react-dom-client.development.js:15718:11)\n    at recursivelyTraversePassiveMountEffects (C:\\cwt\\p47-final-frontend-20260830\\node_modules\\react-dom\\cjs\\react-dom-client.development.js:15439:11)\n    at commitPassiveMountOnFiber (C:\\cwt\\p47-final-frontend-20260830\\node_modules\\react-dom\\cjs\\react-dom-client.development.js:15718:11)\n    at recursivelyTraversePassiveMountEffects (C:\\cwt\\p47-final-frontend-20260830\\node_modules\\react-dom\\cjs\\react-dom-client.development.js:15439:11)\n    at commitPassiveMountOnFiber (C:\\cwt\\p47-final-frontend-20260830\\node_modules\\react-dom\\cjs\\react-dom-client.development.js:15476:11)\n    at recursivelyTraversePassiveMountEffects (C:\\cwt\\p47-final-frontend-20260830\\node_modules\\react-dom\\cjs\\react-dom-client.development.js:15439:11)\n    at commitPassiveMountOnFiber (C:\\cwt\\p47-final-frontend-20260830\\node_modules\\react-dom\\cjs\\react-dom-client.development.js:15476:11)\n    at recursivelyTraversePassiveMountEffects (C:\\cwt\\p47-final-frontend-20260830\\node_modules\\react-dom\\cjs\\react-dom-client.development.js:15439:11)\n    at commitPassiveMountOnFiber (C:\\cwt\\p47-final-frontend-20260830\\node_modules\\react-dom\\cjs\\react-dom-client.development.js:15519:11)\n    at flushPassiveEffects (C:\\cwt\\p47-final-frontend-20260830\\node_modules\\react-dom\\cjs\\react-dom-client.development.js:18432:9)\n    at C:\\cwt\\p47-final-frontend-20260830\\node_modules\\react-dom\\cjs\\react-dom-client.development.js:17923:15\n    at flushActQueue (C:\\cwt\\p47-final-frontend-20260830\\node_modules\\react\\cjs\\react.development.js:590:34)\n    at Object.<anonymous>.process.env.NODE_ENV.exports.act (C:\\cwt\\p47-final-frontend-20260830\\node_modules\\react\\cjs\\react.development.js:884:10)\n    at C:\\cwt\\p47-final-frontend-20260830\\node_modules\\@testing-library\\react\\dist\\act-compat.js:46:25\n    at renderRoot (C:\\cwt\\p47-final-frontend-20260830\\node_modules\\@testing-library\\react\\dist\\pure.js:189:26)\n    at render (C:\\cwt\\p47-final-frontend-20260830\\node_modules\\@testing-library\\react\\dist\\pure.js:291:10)\n    at Object.<anonymous> (C:\\cwt\\p47-final-frontend-20260830\\app\\admin\\policies\\ai-security\\__tests__\\ai-security-page.test.tsx:141:11)\n    at Promise.then.completed (C:\\cwt\\p47-final-frontend-20260830\\node_modules\\jest-circus\\build\\utils.js:298:28)\n    at new Promise (<anonymous>)\n    at callAsyncCircusFn (C:\\cwt\\p47-final-frontend-20260830\\node_modules\\jest-circus\\build\\utils.js:231:10)\n    at _callCircusTest (C:\\cwt\\p47-final-frontend-20260830\\node_modules\\jest-circus\\build\\run.js:316:40)\n    at processTicksAndRejections (node:internal/process/task_queues:103:5)\n    at _runTest (C:\\cwt\\p47-final-frontend-20260830\\node_modules\\jest-circus\\build\\run.js:252:3)\n    at _runTestsForDescribeBlock (C:\\cwt\\p47-final-frontend-20260830\\node_modules\\jest-circus\\build\\run.js:126:9)\n    at _runTestsForDescribeBlock (C:\\cwt\\p47-final-frontend-20260830\\node_modules\\jest-circus\\build\\run.js:121:9)\n    at run (C:\\cwt\\p47-final-frontend-20260830\\node_modules\\jest-circus\\build\\run.js:71:3)\n    at runAndTransformResultsToJestFormat (C:\\cwt\\p47-final-frontend-20260830\\node_modules\\jest-circus\\build\\legacy-code-todo-rewrite\\jestAdapterInit.js:122:21)\n    at jestAdapter (C:\\cwt\\p47-final-frontend-20260830\\node_modules\\jest-circus\\build\\legacy-code-todo-rewrite\\jestAdapter.js:79:19)\n    at runTestInternal (C:\\cwt\\p47-final-frontend-20260830\\node_modules\\jest-runner\\build\\runTest.js:367:16)\n    at runTest (C:\\cwt\\p47-final-frontend-20260830\\node_modules\\jest-runner\\build\\runTest.js:444:34)\n    at Object.worker (C:\\cwt\\p47-final-frontend-20260830\\node_modules\\jest-runner\\build\\testWorker.js:106:12)"}}

    [0m [90m 52 |[39m     level [33m===[39m [32m"error"[39m [33m?[39m console[33m.[39merror [33m:[39m level [33m===[39m [32m"warn"[39m [33m?[39m console[33m.[39mwarn [33m:[39m console[33m.[39mlog
     [90m 53 |[39m
    [31m[1m>[22m[39m[90m 54 |[39m   consoleFn(output)
     [90m    |[39m   [31m[1m^[22m[39m
     [90m 55 |[39m }
     [90m 56 |[39m
     [90m 57 |[39m [36mexport[39m [36mconst[39m logger [33m=[39m {[0m

      at emit (lib/logger.ts:54:3)
      at Object.error (lib/logger.ts:68:5)
      at components/admin/enforced-authority-panel.tsx:203:14
      at components/admin/enforced-authority-panel.tsx:42:71
      at Object.<anonymous>.__awaiter (components/admin/enforced-authority-panel.tsx:38:12)
      at components/admin/enforced-authority-panel.tsx:189:45
      at components/admin/enforced-authority-panel.tsx:216:10
      at Object.react_stack_bottom_frame (node_modules/react-dom/cjs/react-dom-client.development.js:25989:20)
      at runWithFiberInDEV (node_modules/react-dom/cjs/react-dom-client.development.js:874:13)
      at commitHookEffectListMount (node_modules/react-dom/cjs/react-dom-client.development.js:13249:29)
      at commitHookPassiveMountEffects (node_modules/react-dom/cjs/react-dom-client.development.js:13336:11)
      at commitPassiveMountOnFiber (node_modules/react-dom/cjs/react-dom-client.development.js:15484:13)
      at recursivelyTraversePassiveMountEffects (node_modules/react-dom/cjs/react-dom-client.development.js:15439:11)
      at commitPassiveMountOnFiber (node_modules/react-dom/cjs/react-dom-client.development.js:15718:11)
      at recursivelyTraversePassiveMountEffects (node_modules/react-dom/cjs/react-dom-client.development.js:15439:11)
      at commitPassiveMountOnFiber (node_modules/react-dom/cjs/react-dom-client.development.js:15718:11)
      at recursivelyTraversePassiveMountEffects (node_modules/react-dom/cjs/react-dom-client.development.js:15439:11)
      at commitPassiveMountOnFiber (node_modules/react-dom/cjs/react-dom-client.development.js:15476:11)
      at recursivelyTraversePassiveMountEffects (node_modules/react-dom/cjs/react-dom-client.development.js:15439:11)
      at commitPassiveMountOnFiber (node_modules/react-dom/cjs/react-dom-client.development.js:15476:11)
      at recursivelyTraversePassiveMountEffects (node_modules/react-dom/cjs/react-dom-client.development.js:15439:11)
      at commitPassiveMountOnFiber (node_modules/react-dom/cjs/react-dom-client.development.js:15519:11)
      at flushPassiveEffects (node_modules/react-dom/cjs/react-dom-client.development.js:18432:9)
      at node_modules/react-dom/cjs/react-dom-client.development.js:17923:15
      at flushActQueue (node_modules/react/cjs/react.development.js:590:34)
      at Object.<anonymous>.process.env.NODE_ENV.exports.act (node_modules/react/cjs/react.development.js:884:10)
      at node_modules/@testing-library/react/dist/act-compat.js:46:25
      at renderRoot (node_modules/@testing-library/react/dist/pure.js:189:26)
      at render (node_modules/@testing-library/react/dist/pure.js:291:10)
      at Object.<anonymous> (app/admin/policies/ai-security/__tests__/ai-security-page.test.tsx:141:11)

    console.error
      An update to PolicyLibraryPanel inside a test was not wrapped in act(...).
      
      When testing, code that causes React state updates should be wrapped into act(...):
      
      act(() => {
        /* fire events that update state */
      });
      /* assert on the output */
      
      This ensures that you're testing the behavior the user would see in the browser. Learn more at https://react.dev/link/wrap-tests-with-act

    [0m [90m 374 |[39m       } [36mcatch[39m (err[33m:[39m unknown) {
     [90m 375 |[39m         [36mif[39m (cancelled) [36mreturn[39m
    [31m[1m>[22m[39m[90m 376 |[39m         setSaved({
     [90m     |[39m         [31m[1m^[22m[39m
     [90m 377 |[39m           items[33m:[39m [36mnull[39m[33m,[39m
     [90m 378 |[39m           status[33m:[39m [36mnull[39m[33m,[39m
     [90m 379 |[39m           error[33m:[39m[0m

      at node_modules/react-dom/cjs/react-dom-client.development.js:18758:19
      at runWithFiberInDEV (node_modules/react-dom/cjs/react-dom-client.development.js:874:13)
      at warnIfUpdatesNotWrappedWithActDEV (node_modules/react-dom/cjs/react-dom-client.development.js:18757:9)
      at scheduleUpdateOnFiber (node_modules/react-dom/cjs/react-dom-client.development.js:16409:11)
      at dispatchSetStateInternal (node_modules/react-dom/cjs/react-dom-client.development.js:9170:13)
      at dispatchSetState (node_modules/react-dom/cjs/react-dom-client.development.js:9127:7)
      at components/admin/policy/policy-library-panel.tsx:376:9
          at Generator.throw (<anonymous>)
      at rejected (components/admin/policy/policy-library-panel.tsx:40:65)

    console.error
      {"timestamp":"2026-09-05T22:37:13.135Z","level":"error","message":"enforced authority read failed","error":{"name":"ReferenceError","message":"fetch is not defined","stack":"ReferenceError: fetch is not defined\n    at C:\\cwt\\p47-final-frontend-20260830\\components\\admin\\enforced-authority-panel.tsx:193:19\n    at Generator.next (<anonymous>)\n    at C:\\cwt\\p47-final-frontend-20260830\\components\\admin\\enforced-authority-panel.tsx:42:71\n    at new Promise (<anonymous>)\n    at Object.<anonymous>.__awaiter (C:\\cwt\\p47-final-frontend-20260830\\components\\admin\\enforced-authority-panel.tsx:38:12)\n    at C:\\cwt\\p47-final-frontend-20260830\\components\\admin\\enforced-authority-panel.tsx:189:45\n    at C:\\cwt\\p47-final-frontend-20260830\\components\\admin\\enforced-authority-panel.tsx:216:10\n    at Object.react_stack_bottom_frame (C:\\cwt\\p47-final-frontend-20260830\\node_modules\\react-dom\\cjs\\react-dom-client.development.js:25989:20)\n    at runWithFiberInDEV (C:\\cwt\\p47-final-frontend-20260830\\node_modules\\react-dom\\cjs\\react-dom-client.development.js:874:13)\n    at commitHookEffectListMount (C:\\cwt\\p47-final-frontend-20260830\\node_modules\\react-dom\\cjs\\react-dom-client.development.js:13249:29)\n    at commitHookPassiveMountEffects (C:\\cwt\\p47-final-frontend-20260830\\node_modules\\react-dom\\cjs\\react-dom-client.development.js:13336:11)\n    at commitPassiveMountOnFiber (C:\\cwt\\p47-final-frontend-20260830\\node_modules\\react-dom\\cjs\\react-dom-client.development.js:15484:13)\n    at recursivelyTraversePassiveMountEffects (C:\\cwt\\p47-final-frontend-20260830\\node_modules\\react-dom\\cjs\\react-dom-client.development.js:15439:11)\n    at commitPassiveMountOnFiber (C:\\cwt\\p47-final-frontend-20260830\\node_modules\\react-dom\\cjs\\react-dom-client.development.js:15718:11)\n    at recursivelyTraversePassiveMountEffects (C:\\cwt\\p47-final-frontend-20260830\\node_modules\\react-dom\\cjs\\react-dom-client.development.js:15439:11)\n    at commitPassiveMountOnFiber (C:\\cwt\\p47-final-frontend-20260830\\node_modules\\react-dom\\cjs\\react-dom-client.development.js:15718:11)\n    at recursivelyTraversePassiveMountEffects (C:\\cwt\\p47-final-frontend-20260830\\node_modules\\react-dom\\cjs\\react-dom-client.development.js:15439:11)\n    at commitPassiveMountOnFiber (C:\\cwt\\p47-final-frontend-20260830\\node_modules\\react-dom\\cjs\\react-dom-client.development.js:15476:11)\n    at recursivelyTraversePassiveMountEffects (C:\\cwt\\p47-final-frontend-20260830\\node_modules\\react-dom\\cjs\\react-dom-client.development.js:15439:11)\n    at commitPassiveMountOnFiber (C:\\cwt\\p47-final-frontend-20260830\\node_modules\\react-dom\\cjs\\react-dom-client.development.js:15476:11)\n    at recursivelyTraversePassiveMountEffects (C:\\cwt\\p47-final-frontend-20260830\\node_modules\\react-dom\\cjs\\react-dom-client.development.js:15439:11)\n    at commitPassiveMountOnFiber (C:\\cwt\\p47-final-frontend-20260830\\node_modules\\react-dom\\cjs\\react-dom-client.development.js:15519:11)\n    at flushPassiveEffects (C:\\cwt\\p47-final-frontend-20260830\\node_modules\\react-dom\\cjs\\react-dom-client.development.js:18432:9)\n    at C:\\cwt\\p47-final-frontend-20260830\\node_modules\\react-dom\\cjs\\react-dom-client.development.js:17923:15\n    at flushActQueue (C:\\cwt\\p47-final-frontend-20260830\\node_modules\\react\\cjs\\react.development.js:590:34)\n    at Object.<anonymous>.process.env.NODE_ENV.exports.act (C:\\cwt\\p47-final-frontend-20260830\\node_modules\\react\\cjs\\react.development.js:884:10)\n    at C:\\cwt\\p47-final-frontend-20260830\\node_modules\\@testing-library\\react\\dist\\act-compat.js:46:25\n    at renderRoot (C:\\cwt\\p47-final-frontend-20260830\\node_modules\\@testing-library\\react\\dist\\pure.js:189:26)\n    at render (C:\\cwt\\p47-final-frontend-20260830\\node_modules\\@testing-library\\react\\dist\\pure.js:291:10)\n    at Object.<anonymous> (C:\\cwt\\p47-final-frontend-20260830\\app\\admin\\policies\\ai-security\\__tests__\\ai-security-page.test.tsx:160:11)\n    at Promise.then.completed (C:\\cwt\\p47-final-frontend-20260830\\node_modules\\jest-circus\\build\\utils.js:298:28)\n    at new Promise (<anonymous>)\n    at callAsyncCircusFn (C:\\cwt\\p47-final-frontend-20260830\\node_modules\\jest-circus\\build\\utils.js:231:10)\n    at _callCircusTest (C:\\cwt\\p47-final-frontend-20260830\\node_modules\\jest-circus\\build\\run.js:316:40)\n    at processTicksAndRejections (node:internal/process/task_queues:103:5)\n    at _runTest (C:\\cwt\\p47-final-frontend-20260830\\node_modules\\jest-circus\\build\\run.js:252:3)\n    at _runTestsForDescribeBlock (C:\\cwt\\p47-final-frontend-20260830\\node_modules\\jest-circus\\build\\run.js:126:9)\n    at _runTestsForDescribeBlock (C:\\cwt\\p47-final-frontend-20260830\\node_modules\\jest-circus\\build\\run.js:121:9)\n    at run (C:\\cwt\\p47-final-frontend-20260830\\node_modules\\jest-circus\\build\\run.js:71:3)\n    at runAndTransformResultsToJestFormat (C:\\cwt\\p47-final-frontend-20260830\\node_modules\\jest-circus\\build\\legacy-code-todo-rewrite\\jestAdapterInit.js:122:21)\n    at jestAdapter (C:\\cwt\\p47-final-frontend-20260830\\node_modules\\jest-circus\\build\\legacy-code-todo-rewrite\\jestAdapter.js:79:19)\n    at runTestInternal (C:\\cwt\\p47-final-frontend-20260830\\node_modules\\jest-runner\\build\\runTest.js:367:16)\n    at runTest (C:\\cwt\\p47-final-frontend-20260830\\node_modules\\jest-runner\\build\\runTest.js:444:34)\n    at Object.worker (C:\\cwt\\p47-final-frontend-20260830\\node_modules\\jest-runner\\build\\testWorker.js:106:12)"}}

    [0m [90m 52 |[39m     level [33m===[39m [32m"error"[39m [33m?[39m console[33m.[39merror [33m:[39m level [33m===[39m [32m"warn"[39m [33m?[39m console[33m.[39mwarn [33m:[39m console[33m.[39mlog
     [90m 53 |[39m
    [31m[1m>[22m[39m[90m 54 |[39m   consoleFn(output)
     [90m    |[39m   [31m[1m^[22m[39m
     [90m 55 |[39m }
     [90m 56 |[39m
     [90m 57 |[39m [36mexport[39m [36mconst[39m logger [33m=[39m {[0m

      at emit (lib/logger.ts:54:3)
      at Object.error (lib/logger.ts:68:5)
      at components/admin/enforced-authority-panel.tsx:203:14
      at components/admin/enforced-authority-panel.tsx:42:71
      at Object.<anonymous>.__awaiter (components/admin/enforced-authority-panel.tsx:38:12)
      at components/admin/enforced-authority-panel.tsx:189:45
      at components/admin/enforced-authority-panel.tsx:216:10
      at Object.react_stack_bottom_frame (node_modules/react-dom/cjs/react-dom-client.development.js:25989:20)
      at runWithFiberInDEV (node_modules/react-dom/cjs/react-dom-client.development.js:874:13)
      at commitHookEffectListMount (node_modules/react-dom/cjs/react-dom-client.development.js:13249:29)
      at commitHookPassiveMountEffects (node_modules/react-dom/cjs/react-dom-client.development.js:13336:11)
      at commitPassiveMountOnFiber (node_modules/react-dom/cjs/react-dom-client.development.js:15484:13)
      at recursivelyTraversePassiveMountEffects (node_modules/react-dom/cjs/react-dom-client.development.js:15439:11)
      at commitPassiveMountOnFiber (node_modules/react-dom/cjs/react-dom-client.development.js:15718:11)
      at recursivelyTraversePassiveMountEffects (node_modules/react-dom/cjs/react-dom-client.development.js:15439:11)
      at commitPassiveMountOnFiber (node_modules/react-dom/cjs/react-dom-client.development.js:15718:11)
      at recursivelyTraversePassiveMountEffects (node_modules/react-dom/cjs/react-dom-client.development.js:15439:11)
      at commitPassiveMountOnFiber (node_modules/react-dom/cjs/react-dom-client.development.js:15476:11)
      at recursivelyTraversePassiveMountEffects (node_modules/react-dom/cjs/react-dom-client.development.js:15439:11)
      at commitPassiveMountOnFiber (node_modules/react-dom/cjs/react-dom-client.development.js:15476:11)
      at recursivelyTraversePassiveMountEffects (node_modules/react-dom/cjs/react-dom-client.development.js:15439:11)
      at commitPassiveMountOnFiber (node_modules/react-dom/cjs/react-dom-client.development.js:15519:11)
      at flushPassiveEffects (node_modules/react-dom/cjs/react-dom-client.development.js:18432:9)
      at node_modules/react-dom/cjs/react-dom-client.development.js:17923:15
      at flushActQueue (node_modules/react/cjs/react.development.js:590:34)
      at Object.<anonymous>.process.env.NODE_ENV.exports.act (node_modules/react/cjs/react.development.js:884:10)
      at node_modules/@testing-library/react/dist/act-compat.js:46:25
      at renderRoot (node_modules/@testing-library/react/dist/pure.js:189:26)
      at render (node_modules/@testing-library/react/dist/pure.js:291:10)
      at Object.<anonymous> (app/admin/policies/ai-security/__tests__/ai-security-page.test.tsx:160:11)

    console.error
      An update to PolicyLibraryPanel inside a test was not wrapped in act(...).
      
      When testing, code that causes React state updates should be wrapped into act(...):
      
      act(() => {
        /* fire events that update state */
      });
      /* assert on the output */
      
      This ensures that you're testing the behavior the user would see in the browser. Learn more at https://react.dev/link/wrap-tests-with-act

    [0m [90m 374 |[39m       } [36mcatch[39m (err[33m:[39m unknown) {
     [90m 375 |[39m         [36mif[39m (cancelled) [36mreturn[39m
    [31m[1m>[22m[39m[90m 376 |[39m         setSaved({
     [90m     |[39m         [31m[1m^[22m[39m
     [90m 377 |[39m           items[33m:[39m [36mnull[39m[33m,[39m
     [90m 378 |[39m           status[33m:[39m [36mnull[39m[33m,[39m
     [90m 379 |[39m           error[33m:[39m[0m

      at node_modules/react-dom/cjs/react-dom-client.development.js:18758:19
      at runWithFiberInDEV (node_modules/react-dom/cjs/react-dom-client.development.js:874:13)
      at warnIfUpdatesNotWrappedWithActDEV (node_modules/react-dom/cjs/react-dom-client.development.js:18757:9)
      at scheduleUpdateOnFiber (node_modules/react-dom/cjs/react-dom-client.development.js:16409:11)
      at dispatchSetStateInternal (node_modules/react-dom/cjs/react-dom-client.development.js:9170:13)
      at dispatchSetState (node_modules/react-dom/cjs/react-dom-client.development.js:9127:7)
      at components/admin/policy/policy-library-panel.tsx:376:9
          at Generator.throw (<anonymous>)
      at rejected (components/admin/policy/policy-library-panel.tsx:40:65)

    console.error
      {"timestamp":"2026-09-05T22:37:13.167Z","level":"error","message":"enforced authority read failed","error":{"name":"ReferenceError","message":"fetch is not defined","stack":"ReferenceError: fetch is not defined\n    at C:\\cwt\\p47-final-frontend-20260830\\components\\admin\\enforced-authority-panel.tsx:193:19\n    at Generator.next (<anonymous>)\n    at C:\\cwt\\p47-final-frontend-20260830\\components\\admin\\enforced-authority-panel.tsx:42:71\n    at new Promise (<anonymous>)\n    at Object.<anonymous>.__awaiter (C:\\cwt\\p47-final-frontend-20260830\\components\\admin\\enforced-authority-panel.tsx:38:12)\n    at C:\\cwt\\p47-final-frontend-20260830\\components\\admin\\enforced-authority-panel.tsx:189:45\n    at C:\\cwt\\p47-final-frontend-20260830\\components\\admin\\enforced-authority-panel.tsx:216:10\n    at Object.react_stack_bottom_frame (C:\\cwt\\p47-final-frontend-20260830\\node_modules\\react-dom\\cjs\\react-dom-client.development.js:25989:20)\n    at runWithFiberInDEV (C:\\cwt\\p47-final-frontend-20260830\\node_modules\\react-dom\\cjs\\react-dom-client.development.js:874:13)\n    at commitHookEffectListMount (C:\\cwt\\p47-final-frontend-20260830\\node_modules\\react-dom\\cjs\\react-dom-client.development.js:13249:29)\n    at commitHookPassiveMountEffects (C:\\cwt\\p47-final-frontend-20260830\\node_modules\\react-dom\\cjs\\react-dom-client.development.js:13336:11)\n    at commitPassiveMountOnFiber (C:\\cwt\\p47-final-frontend-20260830\\node_modules\\react-dom\\cjs\\react-dom-client.development.js:15484:13)\n    at recursivelyTraversePassiveMountEffects (C:\\cwt\\p47-final-frontend-20260830\\node_modules\\react-dom\\cjs\\react-dom-client.development.js:15439:11)\n    at commitPassiveMountOnFiber (C:\\cwt\\p47-final-frontend-20260830\\node_modules\\react-dom\\cjs\\react-dom-client.development.js:15718:11)\n    at recursivelyTraversePassiveMountEffects (C:\\cwt\\p47-final-frontend-20260830\\node_modules\\react-dom\\cjs\\react-dom-client.development.js:15439:11)\n    at commitPassiveMountOnFiber (C:\\cwt\\p47-final-frontend-20260830\\node_modules\\react-dom\\cjs\\react-dom-client.development.js:15718:11)\n    at recursivelyTraversePassiveMountEffects (C:\\cwt\\p47-final-frontend-20260830\\node_modules\\react-dom\\cjs\\react-dom-client.development.js:15439:11)\n    at commitPassiveMountOnFiber (C:\\cwt\\p47-final-frontend-20260830\\node_modules\\react-dom\\cjs\\react-dom-client.development.js:15476:11)\n    at recursivelyTraversePassiveMountEffects (C:\\cwt\\p47-final-frontend-20260830\\node_modules\\react-dom\\cjs\\react-dom-client.development.js:15439:11)\n    at commitPassiveMountOnFiber (C:\\cwt\\p47-final-frontend-20260830\\node_modules\\react-dom\\cjs\\react-dom-client.development.js:15476:11)\n    at recursivelyTraversePassiveMountEffects (C:\\cwt\\p47-final-frontend-20260830\\node_modules\\react-dom\\cjs\\react-dom-client.development.js:15439:11)\n    at commitPassiveMountOnFiber (C:\\cwt\\p47-final-frontend-20260830\\node_modules\\react-dom\\cjs\\react-dom-client.development.js:15519:11)\n    at flushPassiveEffects (C:\\cwt\\p47-final-frontend-20260830\\node_modules\\react-dom\\cjs\\react-dom-client.development.js:18432:9)\n    at C:\\cwt\\p47-final-frontend-20260830\\node_modules\\react-dom\\cjs\\react-dom-client.development.js:17923:15\n    at flushActQueue (C:\\cwt\\p47-final-frontend-20260830\\node_modules\\react\\cjs\\react.development.js:590:34)\n    at Object.<anonymous>.process.env.NODE_ENV.exports.act (C:\\cwt\\p47-final-frontend-20260830\\node_modules\\react\\cjs\\react.development.js:884:10)\n    at C:\\cwt\\p47-final-frontend-20260830\\node_modules\\@testing-library\\react\\dist\\act-compat.js:46:25\n    at renderRoot (C:\\cwt\\p47-final-frontend-20260830\\node_modules\\@testing-library\\react\\dist\\pure.js:189:26)\n    at render (C:\\cwt\\p47-final-frontend-20260830\\node_modules\\@testing-library\\react\\dist\\pure.js:291:10)\n    at Object.<anonymous> (C:\\cwt\\p47-final-frontend-20260830\\app\\admin\\policies\\ai-security\\__tests__\\ai-security-page.test.tsx:176:11)\n    at Promise.then.completed (C:\\cwt\\p47-final-frontend-20260830\\node_modules\\jest-circus\\build\\utils.js:298:28)\n    at new Promise (<anonymous>)\n    at callAsyncCircusFn (C:\\cwt\\p47-final-frontend-20260830\\node_modules\\jest-circus\\build\\utils.js:231:10)\n    at _callCircusTest (C:\\cwt\\p47-final-frontend-20260830\\node_modules\\jest-circus\\build\\run.js:316:40)\n    at processTicksAndRejections (node:internal/process/task_queues:103:5)\n    at _runTest (C:\\cwt\\p47-final-frontend-20260830\\node_modules\\jest-circus\\build\\run.js:252:3)\n    at _runTestsForDescribeBlock (C:\\cwt\\p47-final-frontend-20260830\\node_modules\\jest-circus\\build\\run.js:126:9)\n    at _runTestsForDescribeBlock (C:\\cwt\\p47-final-frontend-20260830\\node_modules\\jest-circus\\build\\run.js:121:9)\n    at run (C:\\cwt\\p47-final-frontend-20260830\\node_modules\\jest-circus\\build\\run.js:71:3)\n    at runAndTransformResultsToJestFormat (C:\\cwt\\p47-final-frontend-20260830\\node_modules\\jest-circus\\build\\legacy-code-todo-rewrite\\jestAdapterInit.js:122:21)\n    at jestAdapter (C:\\cwt\\p47-final-frontend-20260830\\node_modules\\jest-circus\\build\\legacy-code-todo-rewrite\\jestAdapter.js:79:19)\n    at runTestInternal (C:\\cwt\\p47-final-frontend-20260830\\node_modules\\jest-runner\\build\\runTest.js:367:16)\n    at runTest (C:\\cwt\\p47-final-frontend-20260830\\node_modules\\jest-runner\\build\\runTest.js:444:34)\n    at Object.worker (C:\\cwt\\p47-final-frontend-20260830\\node_modules\\jest-runner\\build\\testWorker.js:106:12)"}}

    [0m [90m 52 |[39m     level [33m===[39m [32m"error"[39m [33m?[39m console[33m.[39merror [33m:[39m level [33m===[39m [32m"warn"[39m [33m?[39m console[33m.[39mwarn [33m:[39m console[33m.[39mlog
     [90m 53 |[39m
    [31m[1m>[22m[39m[90m 54 |[39m   consoleFn(output)
     [90m    |[39m   [31m[1m^[22m[39m
     [90m 55 |[39m }
     [90m 56 |[39m
     [90m 57 |[39m [36mexport[39m [36mconst[39m logger [33m=[39m {[0m

      at emit (lib/logger.ts:54:3)
      at Object.error (lib/logger.ts:68:5)
      at components/admin/enforced-authority-panel.tsx:203:14
      at components/admin/enforced-authority-panel.tsx:42:71
      at Object.<anonymous>.__awaiter (components/admin/enforced-authority-panel.tsx:38:12)
      at components/admin/enforced-authority-panel.tsx:189:45
      at components/admin/enforced-authority-panel.tsx:216:10
      at Object.react_stack_bottom_frame (node_modules/react-dom/cjs/react-dom-client.development.js:25989:20)
      at runWithFiberInDEV (node_modules/react-dom/cjs/react-dom-client.development.js:874:13)
      at commitHookEffectListMount (node_modules/react-dom/cjs/react-dom-client.development.js:13249:29)
      at commitHookPassiveMountEffects (node_modules/react-dom/cjs/react-dom-client.development.js:13336:11)
      at commitPassiveMountOnFiber (node_modules/react-dom/cjs/react-dom-client.development.js:15484:13)
      at recursivelyTraversePassiveMountEffects (node_modules/react-dom/cjs/react-dom-client.development.js:15439:11)
      at commitPassiveMountOnFiber (node_modules/react-dom/cjs/react-dom-client.development.js:15718:11)
      at recursivelyTraversePassiveMountEffects (node_modules/react-dom/cjs/react-dom-client.development.js:15439:11)
      at commitPassiveMountOnFiber (node_modules/react-dom/cjs/react-dom-client.development.js:15718:11)
      at recursivelyTraversePassiveMountEffects (node_modules/react-dom/cjs/react-dom-client.development.js:15439:11)
      at commitPassiveMountOnFiber (node_modules/react-dom/cjs/react-dom-client.development.js:15476:11)
      at recursivelyTraversePassiveMountEffects (node_modules/react-dom/cjs/react-dom-client.development.js:15439:11)
      at commitPassiveMountOnFiber (node_modules/react-dom/cjs/react-dom-client.development.js:15476:11)
      at recursivelyTraversePassiveMountEffects (node_modules/react-dom/cjs/react-dom-client.development.js:15439:11)
      at commitPassiveMountOnFiber (node_modules/react-dom/cjs/react-dom-client.development.js:15519:11)
      at flushPassiveEffects (node_modules/react-dom/cjs/react-dom-client.development.js:18432:9)
      at node_modules/react-dom/cjs/react-dom-client.development.js:17923:15
      at flushActQueue (node_modules/react/cjs/react.development.js:590:34)
      at Object.<anonymous>.process.env.NODE_ENV.exports.act (node_modules/react/cjs/react.development.js:884:10)
      at node_modules/@testing-library/react/dist/act-compat.js:46:25
      at renderRoot (node_modules/@testing-library/react/dist/pure.js:189:26)
      at render (node_modules/@testing-library/react/dist/pure.js:291:10)
      at Object.<anonymous> (app/admin/policies/ai-security/__tests__/ai-security-page.test.tsx:176:11)

    console.error
      {"timestamp":"2026-09-05T22:37:13.172Z","level":"error","message":"enforced authority read failed","error":{"name":"ReferenceError","message":"fetch is not defined","stack":"ReferenceError: fetch is not defined\n    at C:\\cwt\\p47-final-frontend-20260830\\components\\admin\\enforced-authority-panel.tsx:193:19\n    at Generator.next (<anonymous>)\n    at C:\\cwt\\p47-final-frontend-20260830\\components\\admin\\enforced-authority-panel.tsx:42:71\n    at new Promise (<anonymous>)\n    at Object.<anonymous>.__awaiter (C:\\cwt\\p47-final-frontend-20260830\\components\\admin\\enforced-authority-panel.tsx:38:12)\n    at C:\\cwt\\p47-final-frontend-20260830\\components\\admin\\enforced-authority-panel.tsx:189:45\n    at C:\\cwt\\p47-final-frontend-20260830\\components\\admin\\enforced-authority-panel.tsx:216:10\n    at Object.react_stack_bottom_frame (C:\\cwt\\p47-final-frontend-20260830\\node_modules\\react-dom\\cjs\\react-dom-client.development.js:25989:20)\n    at runWithFiberInDEV (C:\\cwt\\p47-final-frontend-20260830\\node_modules\\react-dom\\cjs\\react-dom-client.development.js:874:13)\n    at commitHookEffectListMount (C:\\cwt\\p47-final-frontend-20260830\\node_modules\\react-dom\\cjs\\react-dom-client.development.js:13249:29)\n    at commitHookPassiveMountEffects (C:\\cwt\\p47-final-frontend-20260830\\node_modules\\react-dom\\cjs\\react-dom-client.development.js:13336:11)\n    at commitPassiveMountOnFiber (C:\\cwt\\p47-final-frontend-20260830\\node_modules\\react-dom\\cjs\\react-dom-client.development.js:15484:13)\n    at recursivelyTraversePassiveMountEffects (C:\\cwt\\p47-final-frontend-20260830\\node_modules\\react-dom\\cjs\\react-dom-client.development.js:15439:11)\n    at commitPassiveMountOnFiber (C:\\cwt\\p47-final-frontend-20260830\\node_modules\\react-dom\\cjs\\react-dom-client.development.js:15718:11)\n    at recursivelyTraversePassiveMountEffects (C:\\cwt\\p47-final-frontend-20260830\\node_modules\\react-dom\\cjs\\react-dom-client.development.js:15439:11)\n    at commitPassiveMountOnFiber (C:\\cwt\\p47-final-frontend-20260830\\node_modules\\react-dom\\cjs\\react-dom-client.development.js:15718:11)\n    at recursivelyTraversePassiveMountEffects (C:\\cwt\\p47-final-frontend-20260830\\node_modules\\react-dom\\cjs\\react-dom-client.development.js:15439:11)\n    at commitPassiveMountOnFiber (C:\\cwt\\p47-final-frontend-20260830\\node_modules\\react-dom\\cjs\\react-dom-client.development.js:15476:11)\n    at recursivelyTraversePassiveMountEffects (C:\\cwt\\p47-final-frontend-20260830\\node_modules\\react-dom\\cjs\\react-dom-client.development.js:15439:11)\n    at commitPassiveMountOnFiber (C:\\cwt\\p47-final-frontend-20260830\\node_modules\\react-dom\\cjs\\react-dom-client.development.js:15476:11)\n    at recursivelyTraversePassiveMountEffects (C:\\cwt\\p47-final-frontend-20260830\\node_modules\\react-dom\\cjs\\react-dom-client.development.js:15439:11)\n    at commitPassiveMountOnFiber (C:\\cwt\\p47-final-frontend-20260830\\node_modules\\react-dom\\cjs\\react-dom-client.development.js:15519:11)\n    at flushPassiveEffects (C:\\cwt\\p47-final-frontend-20260830\\node_modules\\react-dom\\cjs\\react-dom-client.development.js:18432:9)\n    at C:\\cwt\\p47-final-frontend-20260830\\node_modules\\react-dom\\cjs\\react-dom-client.development.js:17923:15\n    at flushActQueue (C:\\cwt\\p47-final-frontend-20260830\\node_modules\\react\\cjs\\react.development.js:590:34)\n    at Object.<anonymous>.process.env.NODE_ENV.exports.act (C:\\cwt\\p47-final-frontend-20260830\\node_modules\\react\\cjs\\react.development.js:884:10)\n    at C:\\cwt\\p47-final-frontend-20260830\\node_modules\\@testing-library\\react\\dist\\act-compat.js:46:25\n    at renderRoot (C:\\cwt\\p47-final-frontend-20260830\\node_modules\\@testing-library\\react\\dist\\pure.js:189:26)\n    at render (C:\\cwt\\p47-final-frontend-20260830\\node_modules\\@testing-library\\react\\dist\\pure.js:291:10)\n    at Object.<anonymous> (C:\\cwt\\p47-final-frontend-20260830\\app\\admin\\policies\\ai-security\\__tests__\\ai-security-page.test.tsx:188:11)\n    at Promise.then.completed (C:\\cwt\\p47-final-frontend-20260830\\node_modules\\jest-circus\\build\\utils.js:298:28)\n    at new Promise (<anonymous>)\n    at callAsyncCircusFn (C:\\cwt\\p47-final-frontend-20260830\\node_modules\\jest-circus\\build\\utils.js:231:10)\n    at _callCircusTest (C:\\cwt\\p47-final-frontend-20260830\\node_modules\\jest-circus\\build\\run.js:316:40)\n    at processTicksAndRejections (node:internal/process/task_queues:103:5)\n    at _runTest (C:\\cwt\\p47-final-frontend-20260830\\node_modules\\jest-circus\\build\\run.js:252:3)\n    at _runTestsForDescribeBlock (C:\\cwt\\p47-final-frontend-20260830\\node_modules\\jest-circus\\build\\run.js:126:9)\n    at _runTestsForDescribeBlock (C:\\cwt\\p47-final-frontend-20260830\\node_modules\\jest-circus\\build\\run.js:121:9)\n    at run (C:\\cwt\\p47-final-frontend-20260830\\node_modules\\jest-circus\\build\\run.js:71:3)\n    at runAndTransformResultsToJestFormat (C:\\cwt\\p47-final-frontend-20260830\\node_modules\\jest-circus\\build\\legacy-code-todo-rewrite\\jestAdapterInit.js:122:21)\n    at jestAdapter (C:\\cwt\\p47-final-frontend-20260830\\node_modules\\jest-circus\\build\\legacy-code-todo-rewrite\\jestAdapter.js:79:19)\n    at runTestInternal (C:\\cwt\\p47-final-frontend-20260830\\node_modules\\jest-runner\\build\\runTest.js:367:16)\n    at runTest (C:\\cwt\\p47-final-frontend-20260830\\node_modules\\jest-runner\\build\\runTest.js:444:34)\n    at Object.worker (C:\\cwt\\p47-final-frontend-20260830\\node_modules\\jest-runner\\build\\testWorker.js:106:12)"}}

    [0m [90m 52 |[39m     level [33m===[39m [32m"error"[39m [33m?[39m console[33m.[39merror [33m:[39m level [33m===[39m [32m"warn"[39m [33m?[39m console[33m.[39mwarn [33m:[39m console[33m.[39mlog
     [90m 53 |[39m
    [31m[1m>[22m[39m[90m 54 |[39m   consoleFn(output)
     [90m    |[39m   [31m[1m^[22m[39m
     [90m 55 |[39m }
     [90m 56 |[39m
     [90m 57 |[39m [36mexport[39m [36mconst[39m logger [33m=[39m {[0m

      at emit (lib/logger.ts:54:3)
      at Object.error (lib/logger.ts:68:5)
      at components/admin/enforced-authority-panel.tsx:203:14
      at components/admin/enforced-authority-panel.tsx:42:71
      at Object.<anonymous>.__awaiter (components/admin/enforced-authority-panel.tsx:38:12)
      at components/admin/enforced-authority-panel.tsx:189:45
      at components/admin/enforced-authority-panel.tsx:216:10
      at Object.react_stack_bottom_frame (node_modules/react-dom/cjs/react-dom-client.development.js:25989:20)
      at runWithFiberInDEV (node_modules/react-dom/cjs/react-dom-client.development.js:874:13)
      at commitHookEffectListMount (node_modules/react-dom/cjs/react-dom-client.development.js:13249:29)
      at commitHookPassiveMountEffects (node_modules/react-dom/cjs/react-dom-client.development.js:13336:11)
      at commitPassiveMountOnFiber (node_modules/react-dom/cjs/react-dom-client.development.js:15484:13)
      at recursivelyTraversePassiveMountEffects (node_modules/react-dom/cjs/react-dom-client.development.js:15439:11)
      at commitPassiveMountOnFiber (node_modules/react-dom/cjs/react-dom-client.development.js:15718:11)
      at recursivelyTraversePassiveMountEffects (node_modules/react-dom/cjs/react-dom-client.development.js:15439:11)
      at commitPassiveMountOnFiber (node_modules/react-dom/cjs/react-dom-client.development.js:15718:11)
      at recursivelyTraversePassiveMountEffects (node_modules/react-dom/cjs/react-dom-client.development.js:15439:11)
      at commitPassiveMountOnFiber (node_modules/react-dom/cjs/react-dom-client.development.js:15476:11)
      at recursivelyTraversePassiveMountEffects (node_modules/react-dom/cjs/react-dom-client.development.js:15439:11)
      at commitPassiveMountOnFiber (node_modules/react-dom/cjs/react-dom-client.development.js:15476:11)
      at recursivelyTraversePassiveMountEffects (node_modules/react-dom/cjs/react-dom-client.development.js:15439:11)
      at commitPassiveMountOnFiber (node_modules/react-dom/cjs/react-dom-client.development.js:15519:11)
      at flushPassiveEffects (node_modules/react-dom/cjs/react-dom-client.development.js:18432:9)
      at node_modules/react-dom/cjs/react-dom-client.development.js:17923:15
      at flushActQueue (node_modules/react/cjs/react.development.js:590:34)
      at Object.<anonymous>.process.env.NODE_ENV.exports.act (node_modules/react/cjs/react.development.js:884:10)
      at node_modules/@testing-library/react/dist/act-compat.js:46:25
      at renderRoot (node_modules/@testing-library/react/dist/pure.js:189:26)
      at render (node_modules/@testing-library/react/dist/pure.js:291:10)
      at Object.<anonymous> (app/admin/policies/ai-security/__tests__/ai-security-page.test.tsx:188:11)

    console.error
      An update to PolicyLibraryPanel inside a test was not wrapped in act(...).
      
      When testing, code that causes React state updates should be wrapped into act(...):
      
      act(() => {
        /* fire events that update state */
      });
      /* assert on the output */
      
      This ensures that you're testing the behavior the user would see in the browser. Learn more at https://react.dev/link/wrap-tests-with-act

    [0m [90m 374 |[39m       } [36mcatch[39m (err[33m:[39m unknown) {
     [90m 375 |[39m         [36mif[39m (cancelled) [36mreturn[39m
    [31m[1m>[22m[39m[90m 376 |[39m         setSaved({
     [90m     |[39m         [31m[1m^[22m[39m
     [90m 377 |[39m           items[33m:[39m [36mnull[39m[33m,[39m
     [90m 378 |[39m           status[33m:[39m [36mnull[39m[33m,[39m
     [90m 379 |[39m           error[33m:[39m[0m

      at node_modules/react-dom/cjs/react-dom-client.development.js:18758:19
      at runWithFiberInDEV (node_modules/react-dom/cjs/react-dom-client.development.js:874:13)
      at warnIfUpdatesNotWrappedWithActDEV (node_modules/react-dom/cjs/react-dom-client.development.js:18757:9)
      at scheduleUpdateOnFiber (node_modules/react-dom/cjs/react-dom-client.development.js:16409:11)
      at dispatchSetStateInternal (node_modules/react-dom/cjs/react-dom-client.development.js:9170:13)
      at dispatchSetState (node_modules/react-dom/cjs/react-dom-client.development.js:9127:7)
      at components/admin/policy/policy-library-panel.tsx:376:9
          at Generator.throw (<anonymous>)
      at rejected (components/admin/policy/policy-library-panel.tsx:40:65)

    console.error
      {"timestamp":"2026-09-05T22:37:13.195Z","level":"error","message":"enforced authority read failed","error":{"name":"ReferenceError","message":"fetch is not defined","stack":"ReferenceError: fetch is not defined\n    at C:\\cwt\\p47-final-frontend-20260830\\components\\admin\\enforced-authority-panel.tsx:193:19\n    at Generator.next (<anonymous>)\n    at C:\\cwt\\p47-final-frontend-20260830\\components\\admin\\enforced-authority-panel.tsx:42:71\n    at new Promise (<anonymous>)\n    at Object.<anonymous>.__awaiter (C:\\cwt\\p47-final-frontend-20260830\\components\\admin\\enforced-authority-panel.tsx:38:12)\n    at C:\\cwt\\p47-final-frontend-20260830\\components\\admin\\enforced-authority-panel.tsx:189:45\n    at C:\\cwt\\p47-final-frontend-20260830\\components\\admin\\enforced-authority-panel.tsx:216:10\n    at Object.react_stack_bottom_frame (C:\\cwt\\p47-final-frontend-20260830\\node_modules\\react-dom\\cjs\\react-dom-client.development.js:25989:20)\n    at runWithFiberInDEV (C:\\cwt\\p47-final-frontend-20260830\\node_modules\\react-dom\\cjs\\react-dom-client.development.js:874:13)\n    at commitHookEffectListMount (C:\\cwt\\p47-final-frontend-20260830\\node_modules\\react-dom\\cjs\\react-dom-client.development.js:13249:29)\n    at commitHookPassiveMountEffects (C:\\cwt\\p47-final-frontend-20260830\\node_modules\\react-dom\\cjs\\react-dom-client.development.js:13336:11)\n    at commitPassiveMountOnFiber (C:\\cwt\\p47-final-frontend-20260830\\node_modules\\react-dom\\cjs\\react-dom-client.development.js:15484:13)\n    at recursivelyTraversePassiveMountEffects (C:\\cwt\\p47-final-frontend-20260830\\node_modules\\react-dom\\cjs\\react-dom-client.development.js:15439:11)\n    at commitPassiveMountOnFiber (C:\\cwt\\p47-final-frontend-20260830\\node_modules\\react-dom\\cjs\\react-dom-client.development.js:15718:11)\n    at recursivelyTraversePassiveMountEffects (C:\\cwt\\p47-final-frontend-20260830\\node_modules\\react-dom\\cjs\\react-dom-client.development.js:15439:11)\n    at commitPassiveMountOnFiber (C:\\cwt\\p47-final-frontend-20260830\\node_modules\\react-dom\\cjs\\react-dom-client.development.js:15718:11)\n    at recursivelyTraversePassiveMountEffects (C:\\cwt\\p47-final-frontend-20260830\\node_modules\\react-dom\\cjs\\react-dom-client.development.js:15439:11)\n    at commitPassiveMountOnFiber (C:\\cwt\\p47-final-frontend-20260830\\node_modules\\react-dom\\cjs\\react-dom-client.development.js:15476:11)\n    at recursivelyTraversePassiveMountEffects (C:\\cwt\\p47-final-frontend-20260830\\node_modules\\react-dom\\cjs\\react-dom-client.development.js:15439:11)\n    at commitPassiveMountOnFiber (C:\\cwt\\p47-final-frontend-20260830\\node_modules\\react-dom\\cjs\\react-dom-client.development.js:15476:11)\n    at recursivelyTraversePassiveMountEffects (C:\\cwt\\p47-final-frontend-20260830\\node_modules\\react-dom\\cjs\\react-dom-client.development.js:15439:11)\n    at commitPassiveMountOnFiber (C:\\cwt\\p47-final-frontend-20260830\\node_modules\\react-dom\\cjs\\react-dom-client.development.js:15519:11)\n    at flushPassiveEffects (C:\\cwt\\p47-final-frontend-20260830\\node_modules\\react-dom\\cjs\\react-dom-client.development.js:18432:9)\n    at C:\\cwt\\p47-final-frontend-20260830\\node_modules\\react-dom\\cjs\\react-dom-client.development.js:17923:15\n    at flushActQueue (C:\\cwt\\p47-final-frontend-20260830\\node_modules\\react\\cjs\\react.development.js:590:34)\n    at Object.<anonymous>.process.env.NODE_ENV.exports.act (C:\\cwt\\p47-final-frontend-20260830\\node_modules\\react\\cjs\\react.development.js:884:10)\n    at C:\\cwt\\p47-final-frontend-20260830\\node_modules\\@testing-library\\react\\dist\\act-compat.js:46:25\n    at renderRoot (C:\\cwt\\p47-final-frontend-20260830\\node_modules\\@testing-library\\react\\dist\\pure.js:189:26)\n    at render (C:\\cwt\\p47-final-frontend-20260830\\node_modules\\@testing-library\\react\\dist\\pure.js:291:10)\n    at Object.<anonymous> (C:\\cwt\\p47-final-frontend-20260830\\app\\admin\\policies\\ai-security\\__tests__\\ai-security-page.test.tsx:198:11)\n    at Promise.then.completed (C:\\cwt\\p47-final-frontend-20260830\\node_modules\\jest-circus\\build\\utils.js:298:28)\n    at new Promise (<anonymous>)\n    at callAsyncCircusFn (C:\\cwt\\p47-final-frontend-20260830\\node_modules\\jest-circus\\build\\utils.js:231:10)\n    at _callCircusTest (C:\\cwt\\p47-final-frontend-20260830\\node_modules\\jest-circus\\build\\run.js:316:40)\n    at processTicksAndRejections (node:internal/process/task_queues:103:5)\n    at _runTest (C:\\cwt\\p47-final-frontend-20260830\\node_modules\\jest-circus\\build\\run.js:252:3)\n    at _runTestsForDescribeBlock (C:\\cwt\\p47-final-frontend-20260830\\node_modules\\jest-circus\\build\\run.js:126:9)\n    at _runTestsForDescribeBlock (C:\\cwt\\p47-final-frontend-20260830\\node_modules\\jest-circus\\build\\run.js:121:9)\n    at run (C:\\cwt\\p47-final-frontend-20260830\\node_modules\\jest-circus\\build\\run.js:71:3)\n    at runAndTransformResultsToJestFormat (C:\\cwt\\p47-final-frontend-20260830\\node_modules\\jest-circus\\build\\legacy-code-todo-rewrite\\jestAdapterInit.js:122:21)\n    at jestAdapter (C:\\cwt\\p47-final-frontend-20260830\\node_modules\\jest-circus\\build\\legacy-code-todo-rewrite\\jestAdapter.js:79:19)\n    at runTestInternal (C:\\cwt\\p47-final-frontend-20260830\\node_modules\\jest-runner\\build\\runTest.js:367:16)\n    at runTest (C:\\cwt\\p47-final-frontend-20260830\\node_modules\\jest-runner\\build\\runTest.js:444:34)\n    at Object.worker (C:\\cwt\\p47-final-frontend-20260830\\node_modules\\jest-runner\\build\\testWorker.js:106:12)"}}

    [0m [90m 52 |[39m     level [33m===[39m [32m"error"[39m [33m?[39m console[33m.[39merror [33m:[39m level [33m===[39m [32m"warn"[39m [33m?[39m console[33m.[39mwarn [33m:[39m console[33m.[39mlog
     [90m 53 |[39m
    [31m[1m>[22m[39m[90m 54 |[39m   consoleFn(output)
     [90m    |[39m   [31m[1m^[22m[39m
     [90m 55 |[39m }
     [90m 56 |[39m
     [90m 57 |[39m [36mexport[39m [36mconst[39m logger [33m=[39m {[0m

      at emit (lib/logger.ts:54:3)
      at Object.error (lib/logger.ts:68:5)
      at components/admin/enforced-authority-panel.tsx:203:14
      at components/admin/enforced-authority-panel.tsx:42:71
      at Object.<anonymous>.__awaiter (components/admin/enforced-authority-panel.tsx:38:12)
      at components/admin/enforced-authority-panel.tsx:189:45
      at components/admin/enforced-authority-panel.tsx:216:10
      at Object.react_stack_bottom_frame (node_modules/react-dom/cjs/react-dom-client.development.js:25989:20)
      at runWithFiberInDEV (node_modules/react-dom/cjs/react-dom-client.development.js:874:13)
      at commitHookEffectListMount (node_modules/react-dom/cjs/react-dom-client.development.js:13249:29)
      at commitHookPassiveMountEffects (node_modules/react-dom/cjs/react-dom-client.development.js:13336:11)
      at commitPassiveMountOnFiber (node_modules/react-dom/cjs/react-dom-client.development.js:15484:13)
      at recursivelyTraversePassiveMountEffects (node_modules/react-dom/cjs/react-dom-client.development.js:15439:11)
      at commitPassiveMountOnFiber (node_modules/react-dom/cjs/react-dom-client.development.js:15718:11)
      at recursivelyTraversePassiveMountEffects (node_modules/react-dom/cjs/react-dom-client.development.js:15439:11)
      at commitPassiveMountOnFiber (node_modules/react-dom/cjs/react-dom-client.development.js:15718:11)
      at recursivelyTraversePassiveMountEffects (node_modules/react-dom/cjs/react-dom-client.development.js:15439:11)
      at commitPassiveMountOnFiber (node_modules/react-dom/cjs/react-dom-client.development.js:15476:11)
      at recursivelyTraversePassiveMountEffects (node_modules/react-dom/cjs/react-dom-client.development.js:15439:11)
      at commitPassiveMountOnFiber (node_modules/react-dom/cjs/react-dom-client.development.js:15476:11)
      at recursivelyTraversePassiveMountEffects (node_modules/react-dom/cjs/react-dom-client.development.js:15439:11)
      at commitPassiveMountOnFiber (node_modules/react-dom/cjs/react-dom-client.development.js:15519:11)
      at flushPassiveEffects (node_modules/react-dom/cjs/react-dom-client.development.js:18432:9)
      at node_modules/react-dom/cjs/react-dom-client.development.js:17923:15
      at flushActQueue (node_modules/react/cjs/react.development.js:590:34)
      at Object.<anonymous>.process.env.NODE_ENV.exports.act (node_modules/react/cjs/react.development.js:884:10)
      at node_modules/@testing-library/react/dist/act-compat.js:46:25
      at renderRoot (node_modules/@testing-library/react/dist/pure.js:189:26)
      at render (node_modules/@testing-library/react/dist/pure.js:291:10)
      at Object.<anonymous> (app/admin/policies/ai-security/__tests__/ai-security-page.test.tsx:198:11)

    console.error
      An update to PolicyLibraryPanel inside a test was not wrapped in act(...).
      
      When testing, code that causes React state updates should be wrapped into act(...):
      
      act(() => {
        /* fire events that update state */
      });
      /* assert on the output */
      
      This ensures that you're testing the behavior the user would see in the browser. Learn more at https://react.dev/link/wrap-tests-with-act

    [0m [90m 374 |[39m       } [36mcatch[39m (err[33m:[39m unknown) {
     [90m 375 |[39m         [36mif[39m (cancelled) [36mreturn[39m
    [31m[1m>[22m[39m[90m 376 |[39m         setSaved({
     [90m     |[39m         [31m[1m^[22m[39m
     [90m 377 |[39m           items[33m:[39m [36mnull[39m[33m,[39m
     [90m 378 |[39m           status[33m:[39m [36mnull[39m[33m,[39m
     [90m 379 |[39m           error[33m:[39m[0m

      at node_modules/react-dom/cjs/react-dom-client.development.js:18758:19
      at runWithFiberInDEV (node_modules/react-dom/cjs/react-dom-client.development.js:874:13)
      at warnIfUpdatesNotWrappedWithActDEV (node_modules/react-dom/cjs/react-dom-client.development.js:18757:9)
      at scheduleUpdateOnFiber (node_modules/react-dom/cjs/react-dom-client.development.js:16409:11)
      at dispatchSetStateInternal (node_modules/react-dom/cjs/react-dom-client.development.js:9170:13)
      at dispatchSetState (node_modules/react-dom/cjs/react-dom-client.development.js:9127:7)
      at components/admin/policy/policy-library-panel.tsx:376:9
          at Generator.throw (<anonymous>)
      at rejected (components/admin/policy/policy-library-panel.tsx:40:65)

    console.error
      {"timestamp":"2026-09-05T22:37:13.248Z","level":"error","message":"enforced authority read failed","error":{"name":"ReferenceError","message":"fetch is not defined","stack":"ReferenceError: fetch is not defined\n    at C:\\cwt\\p47-final-frontend-20260830\\components\\admin\\enforced-authority-panel.tsx:193:19\n    at Generator.next (<anonymous>)\n    at C:\\cwt\\p47-final-frontend-20260830\\components\\admin\\enforced-authority-panel.tsx:42:71\n    at new Promise (<anonymous>)\n    at Object.<anonymous>.__awaiter (C:\\cwt\\p47-final-frontend-20260830\\components\\admin\\enforced-authority-panel.tsx:38:12)\n    at C:\\cwt\\p47-final-frontend-20260830\\components\\admin\\enforced-authority-panel.tsx:189:45\n    at C:\\cwt\\p47-final-frontend-20260830\\components\\admin\\enforced-authority-panel.tsx:216:10\n    at Object.react_stack_bottom_frame (C:\\cwt\\p47-final-frontend-20260830\\node_modules\\react-dom\\cjs\\react-dom-client.development.js:25989:20)\n    at runWithFiberInDEV (C:\\cwt\\p47-final-frontend-20260830\\node_modules\\react-dom\\cjs\\react-dom-client.development.js:874:13)\n    at commitHookEffectListMount (C:\\cwt\\p47-final-frontend-20260830\\node_modules\\react-dom\\cjs\\react-dom-client.development.js:13249:29)\n    at commitHookPassiveMountEffects (C:\\cwt\\p47-final-frontend-20260830\\node_modules\\react-dom\\cjs\\react-dom-client.development.js:13336:11)\n    at commitPassiveMountOnFiber (C:\\cwt\\p47-final-frontend-20260830\\node_modules\\react-dom\\cjs\\react-dom-client.development.js:15484:13)\n    at recursivelyTraversePassiveMountEffects (C:\\cwt\\p47-final-frontend-20260830\\node_modules\\react-dom\\cjs\\react-dom-client.development.js:15439:11)\n    at commitPassiveMountOnFiber (C:\\cwt\\p47-final-frontend-20260830\\node_modules\\react-dom\\cjs\\react-dom-client.development.js:15718:11)\n    at recursivelyTraversePassiveMountEffects (C:\\cwt\\p47-final-frontend-20260830\\node_modules\\react-dom\\cjs\\react-dom-client.development.js:15439:11)\n    at commitPassiveMountOnFiber (C:\\cwt\\p47-final-frontend-20260830\\node_modules\\react-dom\\cjs\\react-dom-client.development.js:15718:11)\n    at recursivelyTraversePassiveMountEffects (C:\\cwt\\p47-final-frontend-20260830\\node_modules\\react-dom\\cjs\\react-dom-client.development.js:15439:11)\n    at commitPassiveMountOnFiber (C:\\cwt\\p47-final-frontend-20260830\\node_modules\\react-dom\\cjs\\react-dom-client.development.js:15476:11)\n    at recursivelyTraversePassiveMountEffects (C:\\cwt\\p47-final-frontend-20260830\\node_modules\\react-dom\\cjs\\react-dom-client.development.js:15439:11)\n    at commitPassiveMountOnFiber (C:\\cwt\\p47-final-frontend-20260830\\node_modules\\react-dom\\cjs\\react-dom-client.development.js:15476:11)\n    at recursivelyTraversePassiveMountEffects (C:\\cwt\\p47-final-frontend-20260830\\node_modules\\react-dom\\cjs\\react-dom-client.development.js:15439:11)\n    at commitPassiveMountOnFiber (C:\\cwt\\p47-final-frontend-20260830\\node_modules\\react-dom\\cjs\\react-dom-client.development.js:15519:11)\n    at flushPassiveEffects (C:\\cwt\\p47-final-frontend-20260830\\node_modules\\react-dom\\cjs\\react-dom-client.development.js:18432:9)\n    at C:\\cwt\\p47-final-frontend-20260830\\node_modules\\react-dom\\cjs\\react-dom-client.development.js:17923:15\n    at flushActQueue (C:\\cwt\\p47-final-frontend-20260830\\node_modules\\react\\cjs\\react.development.js:590:34)\n    at Object.<anonymous>.process.env.NODE_ENV.exports.act (C:\\cwt\\p47-final-frontend-20260830\\node_modules\\react\\cjs\\react.development.js:884:10)\n    at C:\\cwt\\p47-final-frontend-20260830\\node_modules\\@testing-library\\react\\dist\\act-compat.js:46:25\n    at renderRoot (C:\\cwt\\p47-final-frontend-20260830\\node_modules\\@testing-library\\react\\dist\\pure.js:189:26)\n    at render (C:\\cwt\\p47-final-frontend-20260830\\node_modules\\@testing-library\\react\\dist\\pure.js:291:10)\n    at Object.<anonymous> (C:\\cwt\\p47-final-frontend-20260830\\app\\admin\\policies\\ai-security\\__tests__\\ai-security-page.test.tsx:218:11)\n    at Promise.then.completed (C:\\cwt\\p47-final-frontend-20260830\\node_modules\\jest-circus\\build\\utils.js:298:28)\n    at new Promise (<anonymous>)\n    at callAsyncCircusFn (C:\\cwt\\p47-final-frontend-20260830\\node_modules\\jest-circus\\build\\utils.js:231:10)\n    at _callCircusTest (C:\\cwt\\p47-final-frontend-20260830\\node_modules\\jest-circus\\build\\run.js:316:40)\n    at processTicksAndRejections (node:internal/process/task_queues:103:5)\n    at _runTest (C:\\cwt\\p47-final-frontend-20260830\\node_modules\\jest-circus\\build\\run.js:252:3)\n    at _runTestsForDescribeBlock (C:\\cwt\\p47-final-frontend-20260830\\node_modules\\jest-circus\\build\\run.js:126:9)\n    at _runTestsForDescribeBlock (C:\\cwt\\p47-final-frontend-20260830\\node_modules\\jest-circus\\build\\run.js:121:9)\n    at run (C:\\cwt\\p47-final-frontend-20260830\\node_modules\\jest-circus\\build\\run.js:71:3)\n    at runAndTransformResultsToJestFormat (C:\\cwt\\p47-final-frontend-20260830\\node_modules\\jest-circus\\build\\legacy-code-todo-rewrite\\jestAdapterInit.js:122:21)\n    at jestAdapter (C:\\cwt\\p47-final-frontend-20260830\\node_modules\\jest-circus\\build\\legacy-code-todo-rewrite\\jestAdapter.js:79:19)\n    at runTestInternal (C:\\cwt\\p47-final-frontend-20260830\\node_modules\\jest-runner\\build\\runTest.js:367:16)\n    at runTest (C:\\cwt\\p47-final-frontend-20260830\\node_modules\\jest-runner\\build\\runTest.js:444:34)\n    at Object.worker (C:\\cwt\\p47-final-frontend-20260830\\node_modules\\jest-runner\\build\\testWorker.js:106:12)"}}

    [0m [90m 52 |[39m     level [33m===[39m [32m"error"[39m [33m?[39m console[33m.[39merror [33m:[39m level [33m===[39m [32m"warn"[39m [33m?[39m console[33m.[39mwarn [33m:[39m console[33m.[39mlog
     [90m 53 |[39m
    [31m[1m>[22m[39m[90m 54 |[39m   consoleFn(output)
     [90m    |[39m   [31m[1m^[22m[39m
     [90m 55 |[39m }
     [90m 56 |[39m
     [90m 57 |[39m [36mexport[39m [36mconst[39m logger [33m=[39m {[0m

      at emit (lib/logger.ts:54:3)
      at Object.error (lib/logger.ts:68:5)
      at components/admin/enforced-authority-panel.tsx:203:14
      at components/admin/enforced-authority-panel.tsx:42:71
      at Object.<anonymous>.__awaiter (components/admin/enforced-authority-panel.tsx:38:12)
      at components/admin/enforced-authority-panel.tsx:189:45
      at components/admin/enforced-authority-panel.tsx:216:10
      at Object.react_stack_bottom_frame (node_modules/react-dom/cjs/react-dom-client.development.js:25989:20)
      at runWithFiberInDEV (node_modules/react-dom/cjs/react-dom-client.development.js:874:13)
      at commitHookEffectListMount (node_modules/react-dom/cjs/react-dom-client.development.js:13249:29)
      at commitHookPassiveMountEffects (node_modules/react-dom/cjs/react-dom-client.development.js:13336:11)
      at commitPassiveMountOnFiber (node_modules/react-dom/cjs/react-dom-client.development.js:15484:13)
      at recursivelyTraversePassiveMountEffects (node_modules/react-dom/cjs/react-dom-client.development.js:15439:11)
      at commitPassiveMountOnFiber (node_modules/react-dom/cjs/react-dom-client.development.js:15718:11)
      at recursivelyTraversePassiveMountEffects (node_modules/react-dom/cjs/react-dom-client.development.js:15439:11)
      at commitPassiveMountOnFiber (node_modules/react-dom/cjs/react-dom-client.development.js:15718:11)
      at recursivelyTraversePassiveMountEffects (node_modules/react-dom/cjs/react-dom-client.development.js:15439:11)
      at commitPassiveMountOnFiber (node_modules/react-dom/cjs/react-dom-client.development.js:15476:11)
      at recursivelyTraversePassiveMountEffects (node_modules/react-dom/cjs/react-dom-client.development.js:15439:11)
      at commitPassiveMountOnFiber (node_modules/react-dom/cjs/react-dom-client.development.js:15476:11)
      at recursivelyTraversePassiveMountEffects (node_modules/react-dom/cjs/react-dom-client.development.js:15439:11)
      at commitPassiveMountOnFiber (node_modules/react-dom/cjs/react-dom-client.development.js:15519:11)
      at flushPassiveEffects (node_modules/react-dom/cjs/react-dom-client.development.js:18432:9)
      at node_modules/react-dom/cjs/react-dom-client.development.js:17923:15
      at flushActQueue (node_modules/react/cjs/react.development.js:590:34)
      at Object.<anonymous>.process.env.NODE_ENV.exports.act (node_modules/react/cjs/react.development.js:884:10)
      at node_modules/@testing-library/react/dist/act-compat.js:46:25
      at renderRoot (node_modules/@testing-library/react/dist/pure.js:189:26)
      at render (node_modules/@testing-library/react/dist/pure.js:291:10)
      at Object.<anonymous> (app/admin/policies/ai-security/__tests__/ai-security-page.test.tsx:218:11)

    console.error
      An update to PolicyLibraryPanel inside a test was not wrapped in act(...).
      
      When testing, code that causes React state updates should be wrapped into act(...):
      
      act(() => {
        /* fire events that update state */
      });
      /* assert on the output */
      
      This ensures that you're testing the behavior the user would see in the browser. Learn more at https://react.dev/link/wrap-tests-with-act

    [0m [90m 374 |[39m       } [36mcatch[39m (err[33m:[39m unknown) {
     [90m 375 |[39m         [36mif[39m (cancelled) [36mreturn[39m
    [31m[1m>[22m[39m[90m 376 |[39m         setSaved({
     [90m     |[39m         [31m[1m^[22m[39m
     [90m 377 |[39m           items[33m:[39m [36mnull[39m[33m,[39m
     [90m 378 |[39m           status[33m:[39m [36mnull[39m[33m,[39m
     [90m 379 |[39m           error[33m:[39m[0m

      at node_modules/react-dom/cjs/react-dom-client.development.js:18758:19
      at runWithFiberInDEV (node_modules/react-dom/cjs/react-dom-client.development.js:874:13)
      at warnIfUpdatesNotWrappedWithActDEV (node_modules/react-dom/cjs/react-dom-client.development.js:18757:9)
      at scheduleUpdateOnFiber (node_modules/react-dom/cjs/react-dom-client.development.js:16409:11)
      at dispatchSetStateInternal (node_modules/react-dom/cjs/react-dom-client.development.js:9170:13)
      at dispatchSetState (node_modules/react-dom/cjs/react-dom-client.development.js:9127:7)
      at components/admin/policy/policy-library-panel.tsx:376:9
          at Generator.throw (<anonymous>)
      at rejected (components/admin/policy/policy-library-panel.tsx:40:65)

    console.error
      {"timestamp":"2026-09-05T22:37:13.270Z","level":"error","message":"enforced authority read failed","error":{"name":"ReferenceError","message":"fetch is not defined","stack":"ReferenceError: fetch is not defined\n    at C:\\cwt\\p47-final-frontend-20260830\\components\\admin\\enforced-authority-panel.tsx:193:19\n    at Generator.next (<anonymous>)\n    at C:\\cwt\\p47-final-frontend-20260830\\components\\admin\\enforced-authority-panel.tsx:42:71\n    at new Promise (<anonymous>)\n    at Object.<anonymous>.__awaiter (C:\\cwt\\p47-final-frontend-20260830\\components\\admin\\enforced-authority-panel.tsx:38:12)\n    at C:\\cwt\\p47-final-frontend-20260830\\components\\admin\\enforced-authority-panel.tsx:189:45\n    at C:\\cwt\\p47-final-frontend-20260830\\components\\admin\\enforced-authority-panel.tsx:216:10\n    at Object.react_stack_bottom_frame (C:\\cwt\\p47-final-frontend-20260830\\node_modules\\react-dom\\cjs\\react-dom-client.development.js:25989:20)\n    at runWithFiberInDEV (C:\\cwt\\p47-final-frontend-20260830\\node_modules\\react-dom\\cjs\\react-dom-client.development.js:874:13)\n    at commitHookEffectListMount (C:\\cwt\\p47-final-frontend-20260830\\node_modules\\react-dom\\cjs\\react-dom-client.development.js:13249:29)\n    at commitHookPassiveMountEffects (C:\\cwt\\p47-final-frontend-20260830\\node_modules\\react-dom\\cjs\\react-dom-client.development.js:13336:11)\n    at commitPassiveMountOnFiber (C:\\cwt\\p47-final-frontend-20260830\\node_modules\\react-dom\\cjs\\react-dom-client.development.js:15484:13)\n    at recursivelyTraversePassiveMountEffects (C:\\cwt\\p47-final-frontend-20260830\\node_modules\\react-dom\\cjs\\react-dom-client.development.js:15439:11)\n    at commitPassiveMountOnFiber (C:\\cwt\\p47-final-frontend-20260830\\node_modules\\react-dom\\cjs\\react-dom-client.development.js:15718:11)\n    at recursivelyTraversePassiveMountEffects (C:\\cwt\\p47-final-frontend-20260830\\node_modules\\react-dom\\cjs\\react-dom-client.development.js:15439:11)\n    at commitPassiveMountOnFiber (C:\\cwt\\p47-final-frontend-20260830\\node_modules\\react-dom\\cjs\\react-dom-client.development.js:15718:11)\n    at recursivelyTraversePassiveMountEffects (C:\\cwt\\p47-final-frontend-20260830\\node_modules\\react-dom\\cjs\\react-dom-client.development.js:15439:11)\n    at commitPassiveMountOnFiber (C:\\cwt\\p47-final-frontend-20260830\\node_modules\\react-dom\\cjs\\react-dom-client.development.js:15476:11)\n    at recursivelyTraversePassiveMountEffects (C:\\cwt\\p47-final-frontend-20260830\\node_modules\\react-dom\\cjs\\react-dom-client.development.js:15439:11)\n    at commitPassiveMountOnFiber (C:\\cwt\\p47-final-frontend-20260830\\node_modules\\react-dom\\cjs\\react-dom-client.development.js:15476:11)\n    at recursivelyTraversePassiveMountEffects (C:\\cwt\\p47-final-frontend-20260830\\node_modules\\react-dom\\cjs\\react-dom-client.development.js:15439:11)\n    at commitPassiveMountOnFiber (C:\\cwt\\p47-final-frontend-20260830\\node_modules\\react-dom\\cjs\\react-dom-client.development.js:15519:11)\n    at flushPassiveEffects (C:\\cwt\\p47-final-frontend-20260830\\node_modules\\react-dom\\cjs\\react-dom-client.development.js:18432:9)\n    at C:\\cwt\\p47-final-frontend-20260830\\node_modules\\react-dom\\cjs\\react-dom-client.development.js:17923:15\n    at flushActQueue (C:\\cwt\\p47-final-frontend-20260830\\node_modules\\react\\cjs\\react.development.js:590:34)\n    at Object.<anonymous>.process.env.NODE_ENV.exports.act (C:\\cwt\\p47-final-frontend-20260830\\node_modules\\react\\cjs\\react.development.js:884:10)\n    at C:\\cwt\\p47-final-frontend-20260830\\node_modules\\@testing-library\\react\\dist\\act-compat.js:46:25\n    at renderRoot (C:\\cwt\\p47-final-frontend-20260830\\node_modules\\@testing-library\\react\\dist\\pure.js:189:26)\n    at render (C:\\cwt\\p47-final-frontend-20260830\\node_modules\\@testing-library\\react\\dist\\pure.js:291:10)\n    at Object.<anonymous> (C:\\cwt\\p47-final-frontend-20260830\\app\\admin\\policies\\ai-security\\__tests__\\ai-security-page.test.tsx:224:11)\n    at Promise.then.completed (C:\\cwt\\p47-final-frontend-20260830\\node_modules\\jest-circus\\build\\utils.js:298:28)\n    at new Promise (<anonymous>)\n    at callAsyncCircusFn (C:\\cwt\\p47-final-frontend-20260830\\node_modules\\jest-circus\\build\\utils.js:231:10)\n    at _callCircusTest (C:\\cwt\\p47-final-frontend-20260830\\node_modules\\jest-circus\\build\\run.js:316:40)\n    at processTicksAndRejections (node:internal/process/task_queues:103:5)\n    at _runTest (C:\\cwt\\p47-final-frontend-20260830\\node_modules\\jest-circus\\build\\run.js:252:3)\n    at _runTestsForDescribeBlock (C:\\cwt\\p47-final-frontend-20260830\\node_modules\\jest-circus\\build\\run.js:126:9)\n    at _runTestsForDescribeBlock (C:\\cwt\\p47-final-frontend-20260830\\node_modules\\jest-circus\\build\\run.js:121:9)\n    at run (C:\\cwt\\p47-final-frontend-20260830\\node_modules\\jest-circus\\build\\run.js:71:3)\n    at runAndTransformResultsToJestFormat (C:\\cwt\\p47-final-frontend-20260830\\node_modules\\jest-circus\\build\\legacy-code-todo-rewrite\\jestAdapterInit.js:122:21)\n    at jestAdapter (C:\\cwt\\p47-final-frontend-20260830\\node_modules\\jest-circus\\build\\legacy-code-todo-rewrite\\jestAdapter.js:79:19)\n    at runTestInternal (C:\\cwt\\p47-final-frontend-20260830\\node_modules\\jest-runner\\build\\runTest.js:367:16)\n    at runTest (C:\\cwt\\p47-final-frontend-20260830\\node_modules\\jest-runner\\build\\runTest.js:444:34)\n    at Object.worker (C:\\cwt\\p47-final-frontend-20260830\\node_modules\\jest-runner\\build\\testWorker.js:106:12)"}}

    [0m [90m 52 |[39m     level [33m===[39m [32m"error"[39m [33m?[39m console[33m.[39merror [33m:[39m level [33m===[39m [32m"warn"[39m [33m?[39m console[33m.[39mwarn [33m:[39m console[33m.[39mlog
     [90m 53 |[39m
    [31m[1m>[22m[39m[90m 54 |[39m   consoleFn(output)
     [90m    |[39m   [31m[1m^[22m[39m
     [90m 55 |[39m }
     [90m 56 |[39m
     [90m 57 |[39m [36mexport[39m [36mconst[39m logger [33m=[39m {[0m

      at emit (lib/logger.ts:54:3)
      at Object.error (lib/logger.ts:68:5)
      at components/admin/enforced-authority-panel.tsx:203:14
      at components/admin/enforced-authority-panel.tsx:42:71
      at Object.<anonymous>.__awaiter (components/admin/enforced-authority-panel.tsx:38:12)
      at components/admin/enforced-authority-panel.tsx:189:45
      at components/admin/enforced-authority-panel.tsx:216:10
      at Object.react_stack_bottom_frame (node_modules/react-dom/cjs/react-dom-client.development.js:25989:20)
      at runWithFiberInDEV (node_modules/react-dom/cjs/react-dom-client.development.js:874:13)
      at commitHookEffectListMount (node_modules/react-dom/cjs/react-dom-client.development.js:13249:29)
      at commitHookPassiveMountEffects (node_modules/react-dom/cjs/react-dom-client.development.js:13336:11)
      at commitPassiveMountOnFiber (node_modules/react-dom/cjs/react-dom-client.development.js:15484:13)
      at recursivelyTraversePassiveMountEffects (node_modules/react-dom/cjs/react-dom-client.development.js:15439:11)
      at commitPassiveMountOnFiber (node_modules/react-dom/cjs/react-dom-client.development.js:15718:11)
      at recursivelyTraversePassiveMountEffects (node_modules/react-dom/cjs/react-dom-client.development.js:15439:11)
      at commitPassiveMountOnFiber (node_modules/react-dom/cjs/react-dom-client.development.js:15718:11)
      at recursivelyTraversePassiveMountEffects (node_modules/react-dom/cjs/react-dom-client.development.js:15439:11)
      at commitPassiveMountOnFiber (node_modules/react-dom/cjs/react-dom-client.development.js:15476:11)
      at recursivelyTraversePassiveMountEffects (node_modules/react-dom/cjs/react-dom-client.development.js:15439:11)
      at commitPassiveMountOnFiber (node_modules/react-dom/cjs/react-dom-client.development.js:15476:11)
      at recursivelyTraversePassiveMountEffects (node_modules/react-dom/cjs/react-dom-client.development.js:15439:11)
      at commitPassiveMountOnFiber (node_modules/react-dom/cjs/react-dom-client.development.js:15519:11)
      at flushPassiveEffects (node_modules/react-dom/cjs/react-dom-client.development.js:18432:9)
      at node_modules/react-dom/cjs/react-dom-client.development.js:17923:15
      at flushActQueue (node_modules/react/cjs/react.development.js:590:34)
      at Object.<anonymous>.process.env.NODE_ENV.exports.act (node_modules/react/cjs/react.development.js:884:10)
      at node_modules/@testing-library/react/dist/act-compat.js:46:25
      at renderRoot (node_modules/@testing-library/react/dist/pure.js:189:26)
      at render (node_modules/@testing-library/react/dist/pure.js:291:10)
      at Object.<anonymous> (app/admin/policies/ai-security/__tests__/ai-security-page.test.tsx:224:11)

    console.error
      {"timestamp":"2026-09-05T22:37:13.275Z","level":"error","message":"enforced authority read failed","error":{"name":"ReferenceError","message":"fetch is not defined","stack":"ReferenceError: fetch is not defined\n    at C:\\cwt\\p47-final-frontend-20260830\\components\\admin\\enforced-authority-panel.tsx:193:19\n    at Generator.next (<anonymous>)\n    at C:\\cwt\\p47-final-frontend-20260830\\components\\admin\\enforced-authority-panel.tsx:42:71\n    at new Promise (<anonymous>)\n    at Object.<anonymous>.__awaiter (C:\\cwt\\p47-final-frontend-20260830\\components\\admin\\enforced-authority-panel.tsx:38:12)\n    at C:\\cwt\\p47-final-frontend-20260830\\components\\admin\\enforced-authority-panel.tsx:189:45\n    at C:\\cwt\\p47-final-frontend-20260830\\components\\admin\\enforced-authority-panel.tsx:216:10\n    at Object.react_stack_bottom_frame (C:\\cwt\\p47-final-frontend-20260830\\node_modules\\react-dom\\cjs\\react-dom-client.development.js:25989:20)\n    at runWithFiberInDEV (C:\\cwt\\p47-final-frontend-20260830\\node_modules\\react-dom\\cjs\\react-dom-client.development.js:874:13)\n    at commitHookEffectListMount (C:\\cwt\\p47-final-frontend-20260830\\node_modules\\react-dom\\cjs\\react-dom-client.development.js:13249:29)\n    at commitHookPassiveMountEffects (C:\\cwt\\p47-final-frontend-20260830\\node_modules\\react-dom\\cjs\\react-dom-client.development.js:13336:11)\n    at commitPassiveMountOnFiber (C:\\cwt\\p47-final-frontend-20260830\\node_modules\\react-dom\\cjs\\react-dom-client.development.js:15484:13)\n    at recursivelyTraversePassiveMountEffects (C:\\cwt\\p47-final-frontend-20260830\\node_modules\\react-dom\\cjs\\react-dom-client.development.js:15439:11)\n    at commitPassiveMountOnFiber (C:\\cwt\\p47-final-frontend-20260830\\node_modules\\react-dom\\cjs\\react-dom-client.development.js:15718:11)\n    at recursivelyTraversePassiveMountEffects (C:\\cwt\\p47-final-frontend-20260830\\node_modules\\react-dom\\cjs\\react-dom-client.development.js:15439:11)\n    at commitPassiveMountOnFiber (C:\\cwt\\p47-final-frontend-20260830\\node_modules\\react-dom\\cjs\\react-dom-client.development.js:15718:11)\n    at recursivelyTraversePassiveMountEffects (C:\\cwt\\p47-final-frontend-20260830\\node_modules\\react-dom\\cjs\\react-dom-client.development.js:15439:11)\n    at commitPassiveMountOnFiber (C:\\cwt\\p47-final-frontend-20260830\\node_modules\\react-dom\\cjs\\react-dom-client.development.js:15476:11)\n    at recursivelyTraversePassiveMountEffects (C:\\cwt\\p47-final-frontend-20260830\\node_modules\\react-dom\\cjs\\react-dom-client.development.js:15439:11)\n    at commitPassiveMountOnFiber (C:\\cwt\\p47-final-frontend-20260830\\node_modules\\react-dom\\cjs\\react-dom-client.development.js:15476:11)\n    at recursivelyTraversePassiveMountEffects (C:\\cwt\\p47-final-frontend-20260830\\node_modules\\react-dom\\cjs\\react-dom-client.development.js:15439:11)\n    at commitPassiveMountOnFiber (C:\\cwt\\p47-final-frontend-20260830\\node_modules\\react-dom\\cjs\\react-dom-client.development.js:15519:11)\n    at flushPassiveEffects (C:\\cwt\\p47-final-frontend-20260830\\node_modules\\react-dom\\cjs\\react-dom-client.development.js:18432:9)\n    at C:\\cwt\\p47-final-frontend-20260830\\node_modules\\react-dom\\cjs\\react-dom-client.development.js:17923:15\n    at flushActQueue (C:\\cwt\\p47-final-frontend-20260830\\node_modules\\react\\cjs\\react.development.js:590:34)\n    at Object.<anonymous>.process.env.NODE_ENV.exports.act (C:\\cwt\\p47-final-frontend-20260830\\node_modules\\react\\cjs\\react.development.js:884:10)\n    at C:\\cwt\\p47-final-frontend-20260830\\node_modules\\@testing-library\\react\\dist\\act-compat.js:46:25\n    at renderRoot (C:\\cwt\\p47-final-frontend-20260830\\node_modules\\@testing-library\\react\\dist\\pure.js:189:26)\n    at render (C:\\cwt\\p47-final-frontend-20260830\\node_modules\\@testing-library\\react\\dist\\pure.js:291:10)\n    at Object.<anonymous> (C:\\cwt\\p47-final-frontend-20260830\\app\\admin\\policies\\ai-security\\__tests__\\ai-security-page.test.tsx:265:11)\n    at Promise.then.completed (C:\\cwt\\p47-final-frontend-20260830\\node_modules\\jest-circus\\build\\utils.js:298:28)\n    at new Promise (<anonymous>)\n    at callAsyncCircusFn (C:\\cwt\\p47-final-frontend-20260830\\node_modules\\jest-circus\\build\\utils.js:231:10)\n    at _callCircusTest (C:\\cwt\\p47-final-frontend-20260830\\node_modules\\jest-circus\\build\\run.js:316:40)\n    at processTicksAndRejections (node:internal/process/task_queues:103:5)\n    at _runTest (C:\\cwt\\p47-final-frontend-20260830\\node_modules\\jest-circus\\build\\run.js:252:3)\n    at _runTestsForDescribeBlock (C:\\cwt\\p47-final-frontend-20260830\\node_modules\\jest-circus\\build\\run.js:126:9)\n    at _runTestsForDescribeBlock (C:\\cwt\\p47-final-frontend-20260830\\node_modules\\jest-circus\\build\\run.js:121:9)\n    at run (C:\\cwt\\p47-final-frontend-20260830\\node_modules\\jest-circus\\build\\run.js:71:3)\n    at runAndTransformResultsToJestFormat (C:\\cwt\\p47-final-frontend-20260830\\node_modules\\jest-circus\\build\\legacy-code-todo-rewrite\\jestAdapterInit.js:122:21)\n    at jestAdapter (C:\\cwt\\p47-final-frontend-20260830\\node_modules\\jest-circus\\build\\legacy-code-todo-rewrite\\jestAdapter.js:79:19)\n    at runTestInternal (C:\\cwt\\p47-final-frontend-20260830\\node_modules\\jest-runner\\build\\runTest.js:367:16)\n    at runTest (C:\\cwt\\p47-final-frontend-20260830\\node_modules\\jest-runner\\build\\runTest.js:444:34)\n    at Object.worker (C:\\cwt\\p47-final-frontend-20260830\\node_modules\\jest-runner\\build\\testWorker.js:106:12)"}}

    [0m [90m 52 |[39m     level [33m===[39m [32m"error"[39m [33m?[39m console[33m.[39merror [33m:[39m level [33m===[39m [32m"warn"[39m [33m?[39m console[33m.[39mwarn [33m:[39m console[33m.[39mlog
     [90m 53 |[39m
    [31m[1m>[22m[39m[90m 54 |[39m   consoleFn(output)
     [90m    |[39m   [31m[1m^[22m[39m
     [90m 55 |[39m }
     [90m 56 |[39m
     [90m 57 |[39m [36mexport[39m [36mconst[39m logger [33m=[39m {[0m

      at emit (lib/logger.ts:54:3)
      at Object.error (lib/logger.ts:68:5)
      at components/admin/enforced-authority-panel.tsx:203:14
      at components/admin/enforced-authority-panel.tsx:42:71
      at Object.<anonymous>.__awaiter (components/admin/enforced-authority-panel.tsx:38:12)
      at components/admin/enforced-authority-panel.tsx:189:45
      at components/admin/enforced-authority-panel.tsx:216:10
      at Object.react_stack_bottom_frame (node_modules/react-dom/cjs/react-dom-client.development.js:25989:20)
      at runWithFiberInDEV (node_modules/react-dom/cjs/react-dom-client.development.js:874:13)
      at commitHookEffectListMount (node_modules/react-dom/cjs/react-dom-client.development.js:13249:29)
      at commitHookPassiveMountEffects (node_modules/react-dom/cjs/react-dom-client.development.js:13336:11)
      at commitPassiveMountOnFiber (node_modules/react-dom/cjs/react-dom-client.development.js:15484:13)
      at recursivelyTraversePassiveMountEffects (node_modules/react-dom/cjs/react-dom-client.development.js:15439:11)
      at commitPassiveMountOnFiber (node_modules/react-dom/cjs/react-dom-client.development.js:15718:11)
      at recursivelyTraversePassiveMountEffects (node_modules/react-dom/cjs/react-dom-client.development.js:15439:11)
      at commitPassiveMountOnFiber (node_modules/react-dom/cjs/react-dom-client.development.js:15718:11)
      at recursivelyTraversePassiveMountEffects (node_modules/react-dom/cjs/react-dom-client.development.js:15439:11)
      at commitPassiveMountOnFiber (node_modules/react-dom/cjs/react-dom-client.development.js:15476:11)
      at recursivelyTraversePassiveMountEffects (node_modules/react-dom/cjs/react-dom-client.development.js:15439:11)
      at commitPassiveMountOnFiber (node_modules/react-dom/cjs/react-dom-client.development.js:15476:11)
      at recursivelyTraversePassiveMountEffects (node_modules/react-dom/cjs/react-dom-client.development.js:15439:11)
      at commitPassiveMountOnFiber (node_modules/react-dom/cjs/react-dom-client.development.js:15519:11)
      at flushPassiveEffects (node_modules/react-dom/cjs/react-dom-client.development.js:18432:9)
      at node_modules/react-dom/cjs/react-dom-client.development.js:17923:15
      at flushActQueue (node_modules/react/cjs/react.development.js:590:34)
      at Object.<anonymous>.process.env.NODE_ENV.exports.act (node_modules/react/cjs/react.development.js:884:10)
      at node_modules/@testing-library/react/dist/act-compat.js:46:25
      at renderRoot (node_modules/@testing-library/react/dist/pure.js:189:26)
      at render (node_modules/@testing-library/react/dist/pure.js:291:10)
      at Object.<anonymous> (app/admin/policies/ai-security/__tests__/ai-security-page.test.tsx:265:11)

    console.error
      An update to ForwardRef(LinkComponent) inside a test was not wrapped in act(...).
      
      When testing, code that causes React state updates should be wrapped into act(...):
      
      act(() => {
        /* fire events that update state */
      });
      /* assert on the output */
      
      This ensures that you're testing the behavior the user would see in the browser. Learn more at https://react.dev/link/wrap-tests-with-act

    [0m [90m 264 |[39m     tabParam [33m=[39m [32m"governance"[39m [90m// -> surfaces, which lives in Settings[39m
     [90m 265 |[39m     render([33m<[39m[33mAiSecurityPolicyContent[39m [33m/[39m[33m>[39m)
    [31m[1m>[22m[39m[90m 266 |[39m     jest[33m.[39madvanceTimersByTime([35m200[39m)
     [90m     |[39m          [31m[1m^[22m[39m
     [90m 267 |[39m     expect(screen[33m.[39mgetByRole([32m"tab"[39m[33m,[39m { name[33m:[39m [35m/Settings/[39m }))[33m.[39mtoHaveAttribute(
     [90m 268 |[39m       [32m"aria-selected"[39m[33m,[39m
     [90m 269 |[39m       [32m"true"[39m[33m,[39m[0m

      at node_modules/react-dom/cjs/react-dom-client.development.js:18758:19
      at runWithFiberInDEV (node_modules/react-dom/cjs/react-dom-client.development.js:874:13)
      at warnIfUpdatesNotWrappedWithActDEV (node_modules/react-dom/cjs/react-dom-client.development.js:18757:9)
      at scheduleUpdateOnFiber (node_modules/react-dom/cjs/react-dom-client.development.js:16409:11)
      at dispatchSetStateInternal (node_modules/react-dom/cjs/react-dom-client.development.js:9170:13)
      at dispatchSetState (node_modules/react-dom/cjs/react-dom-client.development.js:9127:7)
      at setVisible (node_modules/next/src/client/use-intersection.tsx:125:56)
      at cb (node_modules/next/src/client/request-idle-callback.ts:8:7)
      at callTimer (node_modules/@sinonjs/fake-timers/src/fake-timers-src.js:744:24)
      at doTickInner (node_modules/@sinonjs/fake-timers/src/fake-timers-src.js:1312:29)
      at doTick (node_modules/@sinonjs/fake-timers/src/fake-timers-src.js:1393:20)
      at Object.tick (node_modules/@sinonjs/fake-timers/src/fake-timers-src.js:1401:20)
      at FakeTimers.advanceTimersByTime (node_modules/@jest/fake-timers/build/modernFakeTimers.js:94:19)
      at Object.<anonymous> (app/admin/policies/ai-security/__tests__/ai-security-page.test.tsx:266:10)

    console.error
      An update to PolicyLibraryPanel inside a test was not wrapped in act(...).
      
      When testing, code that causes React state updates should be wrapped into act(...):
      
      act(() => {
        /* fire events that update state */
      });
      /* assert on the output */
      
      This ensures that you're testing the behavior the user would see in the browser. Learn more at https://react.dev/link/wrap-tests-with-act

    [0m [90m 374 |[39m       } [36mcatch[39m (err[33m:[39m unknown) {
     [90m 375 |[39m         [36mif[39m (cancelled) [36mreturn[39m
    [31m[1m>[22m[39m[90m 376 |[39m         setSaved({
     [90m     |[39m         [31m[1m^[22m[39m
     [90m 377 |[39m           items[33m:[39m [36mnull[39m[33m,[39m
     [90m 378 |[39m           status[33m:[39m [36mnull[39m[33m,[39m
     [90m 379 |[39m           error[33m:[39m[0m

      at node_modules/react-dom/cjs/react-dom-client.development.js:18758:19
      at runWithFiberInDEV (node_modules/react-dom/cjs/react-dom-client.development.js:874:13)
      at warnIfUpdatesNotWrappedWithActDEV (node_modules/react-dom/cjs/react-dom-client.development.js:18757:9)
      at scheduleUpdateOnFiber (node_modules/react-dom/cjs/react-dom-client.development.js:16409:11)
      at dispatchSetStateInternal (node_modules/react-dom/cjs/react-dom-client.development.js:9170:13)
      at dispatchSetState (node_modules/react-dom/cjs/react-dom-client.development.js:9127:7)
      at components/admin/policy/policy-library-panel.tsx:376:9
          at Generator.throw (<anonymous>)
      at rejected (components/admin/policy/policy-library-panel.tsx:40:65)

    console.error
      {"timestamp":"2026-09-05T22:37:13.305Z","level":"error","message":"enforced authority read failed","error":{"name":"ReferenceError","message":"fetch is not defined","stack":"ReferenceError: fetch is not defined\n    at C:\\cwt\\p47-final-frontend-20260830\\components\\admin\\enforced-authority-panel.tsx:193:19\n    at Generator.next (<anonymous>)\n    at C:\\cwt\\p47-final-frontend-20260830\\components\\admin\\enforced-authority-panel.tsx:42:71\n    at new Promise (<anonymous>)\n    at Object.<anonymous>.__awaiter (C:\\cwt\\p47-final-frontend-20260830\\components\\admin\\enforced-authority-panel.tsx:38:12)\n    at C:\\cwt\\p47-final-frontend-20260830\\components\\admin\\enforced-authority-panel.tsx:189:45\n    at C:\\cwt\\p47-final-frontend-20260830\\components\\admin\\enforced-authority-panel.tsx:216:10\n    at Object.react_stack_bottom_frame (C:\\cwt\\p47-final-frontend-20260830\\node_modules\\react-dom\\cjs\\react-dom-client.development.js:25989:20)\n    at runWithFiberInDEV (C:\\cwt\\p47-final-frontend-20260830\\node_modules\\react-dom\\cjs\\react-dom-client.development.js:874:13)\n    at commitHookEffectListMount (C:\\cwt\\p47-final-frontend-20260830\\node_modules\\react-dom\\cjs\\react-dom-client.development.js:13249:29)\n    at commitHookPassiveMountEffects (C:\\cwt\\p47-final-frontend-20260830\\node_modules\\react-dom\\cjs\\react-dom-client.development.js:13336:11)\n    at commitPassiveMountOnFiber (C:\\cwt\\p47-final-frontend-20260830\\node_modules\\react-dom\\cjs\\react-dom-client.development.js:15484:13)\n    at recursivelyTraversePassiveMountEffects (C:\\cwt\\p47-final-frontend-20260830\\node_modules\\react-dom\\cjs\\react-dom-client.development.js:15439:11)\n    at commitPassiveMountOnFiber (C:\\cwt\\p47-final-frontend-20260830\\node_modules\\react-dom\\cjs\\react-dom-client.development.js:15718:11)\n    at recursivelyTraversePassiveMountEffects (C:\\cwt\\p47-final-frontend-20260830\\node_modules\\react-dom\\cjs\\react-dom-client.development.js:15439:11)\n    at commitPassiveMountOnFiber (C:\\cwt\\p47-final-frontend-20260830\\node_modules\\react-dom\\cjs\\react-dom-client.development.js:15718:11)\n    at recursivelyTraversePassiveMountEffects (C:\\cwt\\p47-final-frontend-20260830\\node_modules\\react-dom\\cjs\\react-dom-client.development.js:15439:11)\n    at commitPassiveMountOnFiber (C:\\cwt\\p47-final-frontend-20260830\\node_modules\\react-dom\\cjs\\react-dom-client.development.js:15476:11)\n    at recursivelyTraversePassiveMountEffects (C:\\cwt\\p47-final-frontend-20260830\\node_modules\\react-dom\\cjs\\react-dom-client.development.js:15439:11)\n    at commitPassiveMountOnFiber (C:\\cwt\\p47-final-frontend-20260830\\node_modules\\react-dom\\cjs\\react-dom-client.development.js:15476:11)\n    at recursivelyTraversePassiveMountEffects (C:\\cwt\\p47-final-frontend-20260830\\node_modules\\react-dom\\cjs\\react-dom-client.development.js:15439:11)\n    at commitPassiveMountOnFiber (C:\\cwt\\p47-final-frontend-20260830\\node_modules\\react-dom\\cjs\\react-dom-client.development.js:15519:11)\n    at flushPassiveEffects (C:\\cwt\\p47-final-frontend-20260830\\node_modules\\react-dom\\cjs\\react-dom-client.development.js:18432:9)\n    at C:\\cwt\\p47-final-frontend-20260830\\node_modules\\react-dom\\cjs\\react-dom-client.development.js:17923:15\n    at flushActQueue (C:\\cwt\\p47-final-frontend-20260830\\node_modules\\react\\cjs\\react.development.js:590:34)\n    at Object.<anonymous>.process.env.NODE_ENV.exports.act (C:\\cwt\\p47-final-frontend-20260830\\node_modules\\react\\cjs\\react.development.js:884:10)\n    at C:\\cwt\\p47-final-frontend-20260830\\node_modules\\@testing-library\\react\\dist\\act-compat.js:46:25\n    at renderRoot (C:\\cwt\\p47-final-frontend-20260830\\node_modules\\@testing-library\\react\\dist\\pure.js:189:26)\n    at render (C:\\cwt\\p47-final-frontend-20260830\\node_modules\\@testing-library\\react\\dist\\pure.js:291:10)\n    at Object.<anonymous> (C:\\cwt\\p47-final-frontend-20260830\\app\\admin\\policies\\ai-security\\__tests__\\ai-security-page.test.tsx:283:11)\n    at Promise.then.completed (C:\\cwt\\p47-final-frontend-20260830\\node_modules\\jest-circus\\build\\utils.js:298:28)\n    at new Promise (<anonymous>)\n    at callAsyncCircusFn (C:\\cwt\\p47-final-frontend-20260830\\node_modules\\jest-circus\\build\\utils.js:231:10)\n    at _callCircusTest (C:\\cwt\\p47-final-frontend-20260830\\node_modules\\jest-circus\\build\\run.js:316:40)\n    at processTicksAndRejections (node:internal/process/task_queues:103:5)\n    at _runTest (C:\\cwt\\p47-final-frontend-20260830\\node_modules\\jest-circus\\build\\run.js:252:3)\n    at _runTestsForDescribeBlock (C:\\cwt\\p47-final-frontend-20260830\\node_modules\\jest-circus\\build\\run.js:126:9)\n    at _runTestsForDescribeBlock (C:\\cwt\\p47-final-frontend-20260830\\node_modules\\jest-circus\\build\\run.js:121:9)\n    at run (C:\\cwt\\p47-final-frontend-20260830\\node_modules\\jest-circus\\build\\run.js:71:3)\n    at runAndTransformResultsToJestFormat (C:\\cwt\\p47-final-frontend-20260830\\node_modules\\jest-circus\\build\\legacy-code-todo-rewrite\\jestAdapterInit.js:122:21)\n    at jestAdapter (C:\\cwt\\p47-final-frontend-20260830\\node_modules\\jest-circus\\build\\legacy-code-todo-rewrite\\jestAdapter.js:79:19)\n    at runTestInternal (C:\\cwt\\p47-final-frontend-20260830\\node_modules\\jest-runner\\build\\runTest.js:367:16)\n    at runTest (C:\\cwt\\p47-final-frontend-20260830\\node_modules\\jest-runner\\build\\runTest.js:444:34)\n    at Object.worker (C:\\cwt\\p47-final-frontend-20260830\\node_modules\\jest-runner\\build\\testWorker.js:106:12)"}}

    [0m [90m 52 |[39m     level [33m===[39m [32m"error"[39m [33m?[39m console[33m.[39merror [33m:[39m level [33m===[39m [32m"warn"[39m [33m?[39m console[33m.[39mwarn [33m:[39m console[33m.[39mlog
     [90m 53 |[39m
    [31m[1m>[22m[39m[90m 54 |[39m   consoleFn(output)
     [90m    |[39m   [31m[1m^[22m[39m
     [90m 55 |[39m }
     [90m 56 |[39m
     [90m 57 |[39m [36mexport[39m [36mconst[39m logger [33m=[39m {[0m

      at emit (lib/logger.ts:54:3)
      at Object.error (lib/logger.ts:68:5)
      at components/admin/enforced-authority-panel.tsx:203:14
      at components/admin/enforced-authority-panel.tsx:42:71
      at Object.<anonymous>.__awaiter (components/admin/enforced-authority-panel.tsx:38:12)
      at components/admin/enforced-authority-panel.tsx:189:45
      at components/admin/enforced-authority-panel.tsx:216:10
      at Object.react_stack_bottom_frame (node_modules/react-dom/cjs/react-dom-client.development.js:25989:20)
      at runWithFiberInDEV (node_modules/react-dom/cjs/react-dom-client.development.js:874:13)
      at commitHookEffectListMount (node_modules/react-dom/cjs/react-dom-client.development.js:13249:29)
      at commitHookPassiveMountEffects (node_modules/react-dom/cjs/react-dom-client.development.js:13336:11)
      at commitPassiveMountOnFiber (node_modules/react-dom/cjs/react-dom-client.development.js:15484:13)
      at recursivelyTraversePassiveMountEffects (node_modules/react-dom/cjs/react-dom-client.development.js:15439:11)
      at commitPassiveMountOnFiber (node_modules/react-dom/cjs/react-dom-client.development.js:15718:11)
      at recursivelyTraversePassiveMountEffects (node_modules/react-dom/cjs/react-dom-client.development.js:15439:11)
      at commitPassiveMountOnFiber (node_modules/react-dom/cjs/react-dom-client.development.js:15718:11)
      at recursivelyTraversePassiveMountEffects (node_modules/react-dom/cjs/react-dom-client.development.js:15439:11)
      at commitPassiveMountOnFiber (node_modules/react-dom/cjs/react-dom-client.development.js:15476:11)
      at recursivelyTraversePassiveMountEffects (node_modules/react-dom/cjs/react-dom-client.development.js:15439:11)
      at commitPassiveMountOnFiber (node_modules/react-dom/cjs/react-dom-client.development.js:15476:11)
      at recursivelyTraversePassiveMountEffects (node_modules/react-dom/cjs/react-dom-client.development.js:15439:11)
      at commitPassiveMountOnFiber (node_modules/react-dom/cjs/react-dom-client.development.js:15519:11)
      at flushPassiveEffects (node_modules/react-dom/cjs/react-dom-client.development.js:18432:9)
      at node_modules/react-dom/cjs/react-dom-client.development.js:17923:15
      at flushActQueue (node_modules/react/cjs/react.development.js:590:34)
      at Object.<anonymous>.process.env.NODE_ENV.exports.act (node_modules/react/cjs/react.development.js:884:10)
      at node_modules/@testing-library/react/dist/act-compat.js:46:25
      at renderRoot (node_modules/@testing-library/react/dist/pure.js:189:26)
      at render (node_modules/@testing-library/react/dist/pure.js:291:10)
      at Object.<anonymous> (app/admin/policies/ai-security/__tests__/ai-security-page.test.tsx:283:11)

PASS components/admin/policy/__tests__/warn-unanswered-control.test.tsx
PASS app/api/ai-control-plane/policy-delivery/__tests__/proxy-routes-exist.test.ts
PASS app/admin/policies/approvals/__tests__/ai-detector-exceptions-section.test.tsx
PASS app/admin/endpoints/__tests__/f40-guard-fail-open.test.tsx
PASS app/admin/policies/ai-security/__tests__/ai-security-page-board-reachability.test.tsx
PASS components/admin/policy/__tests__/category-bucket-board.subgroups.test.tsx
PASS components/admin/policy/__tests__/redaction-toggle.test.tsx
PASS components/admin/__tests__/ai-security-ingress-aggregate.test.tsx
PASS components/admin/__tests__/ai-security-policy-section.c06.test.tsx
PASS app/admin/endpoints/__tests__/coverage-banner-server-text.test.tsx
PASS components/admin/__tests__/ai-security-policy-alerttiers.test.tsx
PASS components/admin/__tests__/ai-security-policy-toolrisk-class-parity.test.ts
PASS components/admin/policy/__tests__/category-bucket-board.move.test.tsx
PASS app/admin/endpoints/__tests__/cx7-optout-unreadable-runtime.test.tsx
PASS components/admin/policy/__tests__/category-bucket-board.carryover.test.tsx
PASS components/admin/policy/__tests__/policy-library-panel.test.tsx
PASS app/admin/policies/approvals/__tests__/approvals-content.test.tsx
PASS components/admin/ai-security-playground/__tests__/playground-panel.test.tsx
PASS components/admin/policy/__tests__/detector-lifecycle.test.tsx
PASS components/admin/__tests__/ai-security-policy-evidence-mode.test.tsx
PASS app/endpoints/[hostname]/__tests__/ai-artifact-coverage-row.test.tsx
PASS components/admin/__tests__/endpoint-groups-tab.test.tsx
PASS components/admin/__tests__/ai-security-policy-runtime-integrity.test.tsx
PASS components/admin/__tests__/enforced-authority-panel.test.tsx
PASS components/admin/__tests__/ai-security-mcp-tab.test.tsx
PASS components/admin/__tests__/certificate-projection.test.tsx
PASS components/admin/policy/__tests__/measured-rate-chips.test.tsx
PASS app/admin/__tests__/agent-update-state.test.ts
PASS app/admin/endpoints/__tests__/coverage-missing-summary.test.tsx
PASS app/admin/policies/approvals/__tests__/ai-exceptions-section.test.tsx
PASS app/admin/endpoints/__tests__/ai-canary-fleet-panel.test.tsx
PASS app/admin/endpoints/__tests__/f40-guard-column-and-footnote.test.tsx
PASS components/admin/policy/__tests__/baseline-ladder.test.tsx
PASS components/admin/policy/__tests__/policy-settings-band.test.tsx
PASS app/admin/endpoints/__tests__/ai-trust-root-panel.test.tsx
PASS app/admin/__tests__/policy-preset-materialization.test.tsx
PASS components/admin/__tests__/ai-security-policy-dlp-class-parity.test.ts
PASS components/admin/policy/__tests__/category-board-lane-residual.test.tsx
  ● Console

    console.log
      ACCOUNTING [uniform] lanes=8+5+11=24 residual=0 total=24

      at components/admin/policy/__tests__/category-board-lane-residual.test.tsx:145:13

    console.log
      ACCOUNTING [one blocked class] lanes=1+6+0=7 residual=29 total=36

      at components/admin/policy/__tests__/category-board-lane-residual.test.tsx:145:13

    console.log
      ACCOUNTING [all folded to Block] lanes=2+0+0=2 residual=32 total=34

      at components/admin/policy/__tests__/category-board-lane-residual.test.tsx:145:13

PASS components/admin/policy/__tests__/detector-catalogue.test.tsx
PASS components/admin/__tests__/policy-page-width-contract.test.tsx
PASS app/api/ai-control-plane/security-exceptions/__tests__/route.test.ts
PASS components/admin/policy/__tests__/policy-change-summary.test.tsx
PASS app/api/ai-control-plane/security-policy/saved/__tests__/route.test.ts
PASS components/admin/policy/__tests__/policy-zone-tabs.test.tsx
PASS app/admin/policy/__tests__/m47-policy-deep-link-baseline.test.tsx
PASS app/admin/__tests__/normalize-frontend-user-role.test.tsx
PASS app/api/ai-control-plane/security-policy/prompt-evidence/__tests__/route.test.ts
PASS app/admin/__tests__/agentless-remove-endpoint-data.test.ts
PASS components/admin/policy/__tests__/phase-u-reduced-motion.test.ts
PASS app/api/ai-control-plane/security-policy/library/apply/__tests__/route.test.ts
PASS app/admin/__tests__/agent-activity-helpers.test.ts
PASS app/api/ai-control-plane/events/[id]/prompt-evidence/reveal/__tests__/route.test.ts
PASS app/admin/__tests__/policy-delete.sitescope.test.ts
PASS app/api/ai-control-plane/delegated-approvals/[id]/presence/__tests__/route.test.ts
PASS app/admin/__tests__/endpoint-management-helpers.test.ts
PASS app/endpoints/__tests__/linux-system-install-command.test.ts
PASS app/admin/__tests__/customer-accounts-toast.test.ts
PASS components/admin/__tests__/policy-drift-banner.test.tsx
PASS components/admin/__tests__/ai-security-secrets-aggregate.test.ts
PASS components/admin/policy/__tests__/category-bucket-board.floor.test.tsx
PASS app/api/ai-control-plane/delegated-approvals/__tests__/route.test.ts
PASS app/api/ai-control-plane/events/[id]/__tests__/route.test.ts
PASS app/api/ai-control-plane/security-policy/saved/[id]/__tests__/route.test.ts
PASS app/endpoints/__tests__/endpoint-uninstall-state.test.ts
PASS app/admin/__tests__/agent-update-label.test.ts
PASS app/api/ai-control-plane/exceptions/__tests__/route.test.ts
PASS app/api/ai-control-plane/activity/__tests__/route.test.ts
PASS app/api/ai-control-plane/sessions/[id]/timeline/__tests__/route.test.ts
PASS app/api/ai-control-plane/security-policy/__tests__/history-route.test.ts
PASS app/admin/__tests__/legacy-redirect.test.ts
PASS app/api/ai-control-plane/detections/__tests__/route.test.ts
PASS components/admin/__tests__/ai-provider-capability.test.ts
PASS app/api/ai-control-plane/security-policy/risk-groups/__tests__/route.test.ts

Test Suites: 135 passed, 135 total
Tests:       1 skipped, 1256 passed, 1257 total
Snapshots:   0 total
Time:        58.231 s, estimated 288 s
Ran all test suites matching /app\\endpoints|app\\admin|components\\admin|app\\api\\ai-control-plane/i.
jest_rc=0
